Athlete_ID,Age,Gender,Height_cm,Weight_kg,Strength,Agility_sec,Endurance,Jump_Height_cm,Sprint_Time_sec,Shooting_Accuracy_%,Dribbling_Speed_sec,Passing_Accuracy_%,Defense_Rating,Game_Performance_Index,Decision_Making_Ability,Focus_Level,Academic_Performance_GPA,Time_Management_Skills,Weekly_Training_Hours,Load_Intensity_Score,Injury_History,Recovery_Time_hours,Development_Score,Injury_Risk_Level
1,17,Female,189,59.9,6,14.48,4,52,2.71,50.1,10.97,58.8,9,55,10,8,3.18,6,8,9,1,56,17.8,Low
2,18,Female,184.2,67.8,10,11.98,8,69.9,2.77,76.2,5.87,93.2,4,98,7,10,3.02,7,10,5,0,66.7,29,Low
3,16,Female,175.6,58.1,9,8.65,10,48.3,3.8,67.2,12.02,78.1,10,71,3,8,3.44,9,18,6,1,44.4,24.2,Low
4,18,Female,168.5,65.4,7,10.26,2,48.2,3.57,99.9,5.53,97.5,10,98,6,8,2.56,5,13,6,0,43.8,25.6,Low
5,18,Female,182,41.6,10,11.63,9,47.6,4.05,88.6,5.59,53.6,4,62,4,8,2.76,9,11,3,1,45.3,21.9,Low
6,15,Male,178.9,73.2,5,10.35,9,45,3.41,88.1,8.05,64.8,6,61,3,8,3.15,8,9,10,1,27.9,20,Low
7,16,Female,184,70,8,6.64,10,52.4,4.56,97.8,13.97,59.7,8,53,3,6,3.03,1,9,7,1,66.8,19.8,Low
8,16,Male,181.4,57.7,2,8.46,10,75.4,5.09,94.4,11.41,77.7,9,57,2,9,3.09,3,12,7,1,65.7,18.3,Low
9,16,Female,185.5,79.9,7,13.12,6,71,3.4,65.9,12.7,69.1,1,86,3,3,3.71,8,10,8,0,71.9,25.5,Low
10,18,Male,169.6,84.1,4,13.68,4,69.4,3.08,58.3,6.42,57.9,1,80,10,6,3.83,9,5,5,1,52.1,22.6,Moderate
11,17,Female,188.2,45.9,9,6.8,4,71.9,2.85,87.3,13.34,82.1,8,86,1,5,2.87,4,5,2,0,60.1,24.9,Low
12,16,Male,177,58.6,1,14.55,6,50.8,4.35,68.9,5.08,76.8,7,94,3,8,3.75,6,13,3,1,33.7,24.8,Low
13,18,Female,195.8,58.5,7,8.62,5,75.5,3.83,73.7,7.13,63.7,9,75,9,4,3.19,4,12,9,0,56,22.5,Low
14,15,Male,168.1,55.9,6,11.79,6,45.5,3.06,81.5,11.16,74,3,92,4,4,2.91,9,10,6,1,55.2,25.5,Low
15,17,Female,192.4,82.4,8,12.64,7,53.5,4.46,95.4,8.75,87.3,10,57,3,10,3.98,2,17,8,0,67.3,20.7,Low
16,15,Male,177,67.1,5,13.21,7,63.5,2.95,71,14.84,60.3,5,89,8,10,3.74,6,5,8,1,63.9,25.6,Low
17,17,Female,168.5,66,1,14.48,9,44.1,4.16,89.2,5.3,64.6,3,82,1,5,3.99,3,18,5,1,69,23.5,Low
18,18,Male,170.2,39.9,1,8.47,8,69.2,4.08,63.4,14.99,67.3,5,94,5,6,2.75,10,6,1,0,65.7,24.4,Low
19,14,Male,171.8,79.5,9,13.66,6,55.5,4.7,84.9,11.24,87.3,10,78,1,4,2.72,4,14,6,1,65.7,23.7,Low
20,17,Female,179.2,51.4,10,6.75,6,71.4,2.67,50.1,10.59,92.3,1,54,7,2,3.26,2,7,7,1,27.1,19.9,Low
21,15,Female,180.2,70.9,6,12.2,5,59.7,5.16,93.6,5.6,68.8,4,77,5,2,3.46,8,14,9,1,64.6,22.8,Low
22,18,Male,169.3,74.2,10,12.55,1,47.2,4.61,51.5,7.73,64.8,6,89,2,3,2.76,10,16,2,1,53.2,24.9,Low
23,17,Female,174.8,90.4,5,11.94,9,69.4,3.15,85.6,14.25,94.5,2,66,1,2,3.79,8,7,2,0,42.3,21.7,Low
24,14,Male,196.4,50.4,1,7.9,9,50.1,3.05,52.3,8.54,100,7,72,7,1,3.3,1,6,10,1,26.7,20.8,Low
25,14,Male,192.3,24.7,6,13.79,9,59.6,3.79,63.3,11.62,83.5,8,94,1,8,3.12,10,16,1,0,56.5,27,Low
26,16,Male,179.4,72.8,6,7.1,8,43,4.95,74.9,14.99,99.5,1,58,3,5,3.4,6,6,5,0,39.8,19.8,Low
27,16,Female,175.4,97,3,6.01,10,64.7,5.03,71,7.63,83,4,51,6,10,3.45,1,10,2,0,46.5,17.8,Low
28,15,Male,176.2,88.6,8,12.32,3,66.6,4.06,59.6,10.76,86.7,4,81,6,1,2.56,6,11,3,0,56.7,22.9,Low
29,17,Male,181.1,73.1,1,10.02,1,55.1,5.08,66.7,11.96,69.4,5,100,7,9,4,7,8,2,1,67.8,24.7,High
30,17,Female,164.8,62.6,1,13.57,8,78.2,2.52,86.4,6.65,71.6,4,98,1,8,3.05,2,5,4,1,63.6,25.5,Low
31,16,Female,172.4,82.1,6,9.14,7,75,2.61,83.5,6.49,57.2,9,80,7,4,2.59,9,10,3,0,45.6,23.1,Low
32,17,Female,158.3,55.4,10,7.1,5,68.3,5.24,53.6,9.56,91.1,7,56,2,8,3.78,8,11,9,1,42.6,20.5,Low
33,17,Female,179,77.1,1,13.45,10,68.5,4.83,87.4,8.86,96.6,2,79,6,10,3.99,9,8,10,1,35.5,23.2,Low
34,14,Male,181.5,77.6,6,10.71,7,50.1,3.85,52.7,12.14,81.2,1,52,8,7,3.72,10,10,2,0,41.9,18.6,Low
35,16,Male,170.2,85.9,1,7.3,10,66.3,4.76,77.1,5.7,67.2,9,100,5,7,3.78,4,13,7,0,29.3,27.2,Low
36,18,Male,190.7,111.4,6,12.34,4,47.9,5.37,63,14.72,57.7,1,100,10,1,3.44,4,8,3,0,70.6,27,Low
37,16,Male,162.7,75.9,3,10.36,9,45.8,4.82,79.4,5.14,63.3,6,58,3,6,3.88,8,16,10,1,51.5,19.4,Low
38,18,Female,160.4,62.4,8,11.24,10,80,5.03,63.1,11.01,62.8,2,59,8,4,2.55,1,19,8,0,30.1,20.6,Low
39,14,Male,177.2,69.6,6,9.88,2,64.9,4.78,99.2,10.63,80.7,4,95,8,10,3.65,8,18,4,0,40.9,25.6,Low
40,15,Male,185.5,43.5,1,13.37,9,57.2,3,65.5,6.35,97.3,6,99,4,10,3.51,7,14,4,1,50.3,26.4,Low
41,17,Female,191.8,59.6,5,13.38,9,51.5,5,62.1,6.51,52.4,5,96,8,10,2.57,7,8,9,1,49.6,26.5,Low
42,14,Male,170.4,63.9,8,12.24,5,64.2,3.09,63.9,12.93,50.1,6,75,5,2,3.32,9,14,3,1,25.7,23,Low
43,17,Male,185.8,62.1,3,6.5,1,42,5.18,94.8,13.88,80,3,50,5,10,3.27,10,16,7,1,69.6,14.8,High
44,15,Male,174.6,72.3,6,13.47,7,43.8,3.88,81.8,7.83,64.2,5,79,3,7,3.54,7,9,1,1,37.2,23.8,Low
45,15,Male,173.3,57.7,5,11.87,10,41.3,4.53,86.5,9.38,94,2,87,7,9,2.62,2,7,7,1,24.8,25,Low
46,14,Male,183.8,86.8,6,12.12,10,60,3.99,95.9,8.55,66.4,7,64,9,5,3.71,1,14,10,1,27.7,21.9,Low
47,15,Male,181.5,70,10,8.95,4,64,2.78,95.6,5.73,64.5,3,74,9,8,2.71,1,6,2,1,51.8,22.7,Low
48,18,Female,159.2,69.9,1,13.85,9,42.5,3.37,86.9,11.73,63.5,1,55,1,5,3.13,7,19,6,0,30.6,17.2,Low
49,15,Female,189.8,65.1,7,12.39,6,68.8,5.45,59.9,13.25,57.2,8,67,1,7,3.82,5,13,9,1,26,21.8,Low
50,17,Male,188.8,72.3,9,6.57,3,49.2,5.38,92.2,8.05,79.1,8,50,10,7,3.34,4,17,6,0,42.2,17.8,Low
51,17,Male,168.7,82.4,2,9.37,6,67.4,3.46,60.2,14.9,58.4,3,52,5,9,3.07,5,5,3,1,53.9,16.1,Low
52,17,Female,179,57,10,13.92,10,79.3,5.49,87.1,5.76,71.2,7,66,1,3,2.57,10,9,1,1,29.4,22.8,Low
53,17,Male,179.9,60.1,5,5.95,6,67.6,5.04,84.3,11.62,73,9,97,4,1,3.51,10,9,4,0,39,26.7,Low
54,18,Male,177.6,65.4,10,14.63,5,75.3,4.33,87.9,9.48,51,8,57,1,2,3.98,6,12,4,1,44.1,20.9,Low
55,16,Male,169.5,49.8,4,11.95,2,77.9,2.62,76.6,9.47,50.8,3,98,2,6,3.87,10,10,8,0,31.7,25.7,Moderate
56,14,Female,168.3,57.7,6,11.5,10,59.5,5.2,81.9,9.58,76,2,89,2,10,3.58,6,10,10,1,48.3,26.8,Low
57,17,Male,174.7,62.9,6,8.07,10,68.1,4.17,97.7,7.59,84.8,10,66,4,10,2.66,1,10,10,0,28.1,21.3,Low
58,15,Female,186.7,83.1,2,7.86,2,74.1,5.11,55.1,12.16,97.1,7,74,8,9,2.86,2,8,7,0,26.2,19.1,High
59,17,Male,180.4,73.9,2,14.45,7,54.3,5,65.4,12.22,59,7,90,2,3,2.78,3,19,10,1,49,23.7,Low
60,15,Female,171.3,72.9,4,8.33,2,50.5,5,80.6,7.82,55.2,9,61,9,10,3.03,4,5,7,0,35.9,17.4,Moderate
61,15,Female,182.7,82.8,1,12.87,6,77.9,4.59,98.2,13.35,52.6,5,78,9,2,2.85,6,7,7,0,28.6,20.7,Low
62,17,Male,146.5,67.9,9,9.23,5,69.1,3.37,54.8,8.17,71.8,4,74,2,1,2.87,9,17,2,1,44.3,22.8,Low
63,18,Female,186.5,75.9,7,6.82,4,48.8,3.51,51.1,12.25,81.2,8,100,1,2,3.43,2,17,9,1,67.9,27.4,Low
64,15,Male,157.6,68.5,7,5.6,7,58,3.43,52.8,6.21,92,4,85,10,3,2.98,8,19,6,0,58.8,24.9,Low
65,15,Female,171.4,74,3,10.67,8,71.9,2.56,52.6,6.69,84.1,4,74,10,7,3.52,9,14,2,1,63.1,21.9,Low
66,17,Male,163.8,61.3,3,14.77,4,61.9,4.25,95.4,8.16,60.4,2,78,9,2,3.92,2,16,1,0,65.9,21.9,Moderate
67,15,Male,162.1,33.4,1,9.01,1,66,4.6,86.1,10.94,73.1,1,60,2,5,3.46,9,15,1,0,70.7,16.2,High
68,15,Female,186.6,68,3,8.89,1,70.2,5.06,83.9,11.46,95.5,4,53,8,2,3.63,7,10,1,0,60.6,15.7,High
69,17,Male,170.3,91.3,3,8.77,1,64.9,2.92,76.1,8.96,66.3,7,63,3,7,3.63,9,9,4,1,53.2,17.7,High
70,17,Male,178.5,83.9,4,10.45,1,61.6,4.13,89.1,5.78,74.9,9,95,1,10,3,6,14,4,1,41.5,23.9,Moderate
71,14,Female,174.5,84.5,4,9.69,5,70,2.52,57.8,8.74,97.9,9,87,1,8,2.52,2,5,9,0,32.7,23,Moderate
72,18,Male,179.8,88.5,3,13.86,4,69.1,2.79,69.6,11.89,86.7,10,66,10,8,2.58,8,9,1,0,57,18.2,Moderate
73,18,Male,175.8,71.3,10,10.3,9,65.2,2.66,74.5,11.71,87.4,1,51,2,8,2.92,10,6,3,0,71.8,19.8,Low
74,15,Female,162.2,73,8,10.32,3,54.4,4.68,55.5,6.6,62.6,5,57,7,10,3.53,9,5,3,1,46.4,19,Low
75,18,Female,185,60.7,8,6.81,7,56.2,2.74,71,5.08,70.7,7,85,6,9,3.86,8,8,8,0,58.7,26.2,Low
76,15,Male,170.1,65.3,1,14.84,8,78.8,4.65,65.8,12.53,54.1,7,59,2,1,3.94,2,10,2,1,47.8,18.5,Low
77,14,Male,159.4,79.2,7,7.87,6,44.5,3.25,51.8,6.06,80.3,10,56,4,1,2.54,8,11,6,0,44.7,18.3,Low
78,17,Female,170.7,88.1,2,6.2,10,50.7,5.13,56.8,5.82,55.2,6,85,2,10,3.99,3,13,4,0,43.7,24.8,Low
79,17,Female,190,67.9,1,11.8,1,59.7,4.94,88.2,5.03,91.8,10,65,1,2,2.98,3,9,10,0,48.2,16.7,High
80,17,Male,183.5,63.2,3,11.16,8,73.5,5.37,50.9,9.33,90.7,4,63,3,6,3.76,9,12,6,0,41.6,20,Low
81,18,Female,171.5,70,4,9.44,10,46.5,5.15,96.7,10.03,76.7,3,65,4,1,2.77,9,12,5,1,59.9,20.4,Low
82,14,Male,171.5,79,6,9.51,3,51.1,5.3,54.3,11.38,57.1,9,74,10,5,2.59,9,15,9,1,66,20.7,Low
83,18,Male,171.8,48.3,10,12.96,8,42.6,5.08,90,7.96,51.3,10,90,5,5,3.07,4,13,9,1,66.4,27.5,Low
84,18,Male,195.8,35.6,5,7.36,4,68.2,4.58,94.9,12.1,89.8,4,53,5,4,3.79,7,7,1,1,34.9,17.6,Moderate
85,14,Male,178.8,61.7,4,13.29,8,49.5,3.01,97.1,6.69,80,8,78,7,5,2.83,8,7,3,1,67,22.4,Low
86,14,Male,179.3,51.7,8,11.66,1,55.5,3.32,93.4,13.32,85.5,1,55,10,1,2.73,5,13,1,0,40.4,17.2,Low
87,14,Female,185.3,62.4,4,9.48,3,57.7,3.14,64.4,10.72,65.2,7,50,8,6,3.86,1,11,6,1,38.8,16.4,Moderate
88,14,Female,177.4,67.8,10,9.85,6,75.7,4.31,66.7,10.84,75.5,6,88,9,7,3.91,9,19,3,1,58.9,27.3,Low
89,17,Female,172.4,63.2,2,7.94,9,56.5,4.01,71.3,7.1,87.4,1,50,7,8,2.52,6,8,1,1,38.6,16,Low
90,16,Female,173,91.8,3,12.65,2,45.8,5.1,57,5.74,73.1,4,100,5,2,3.59,3,19,6,1,26.5,25.4,High
91,16,Male,174.3,74.9,6,10.37,1,61,5.36,51.1,9.65,80.1,5,89,9,7,2.96,3,5,5,0,41.9,23.5,Low
92,14,Male,174.6,74.5,8,8.55,10,78.5,3.71,93.5,11.16,89.5,8,52,8,6,3.06,10,11,8,0,58.6,19.7,Low
93,16,Male,182.3,79.3,8,11.16,3,64.3,4.02,77.7,5.95,60.8,4,50,10,9,3.2,1,14,2,0,39.7,17.3,Low
94,16,Male,175.5,52.9,9,14.96,4,79.3,5.41,80.4,14.51,53.3,3,50,9,8,3.14,8,10,8,1,54.2,17.9,Low
95,14,Female,182.3,85.6,7,9.63,5,73.6,3.33,96.3,14.8,76.6,2,88,10,4,3.27,2,7,5,0,55.7,25.2,Low
96,16,Male,174.2,68.9,2,14.25,3,41.4,4.88,83.3,10.45,53.1,4,70,8,9,3.37,1,18,8,0,59.2,19.1,High
97,18,Male,175.8,80.1,8,8.78,10,66.3,3.18,84.5,14.5,88.3,10,94,6,1,3.2,7,9,10,1,67.1,28.2,Low
98,15,Female,155,53.9,7,6.02,2,51.5,4.54,89.3,6.79,86,4,79,4,6,3.55,9,7,4,1,44.8,22.8,Low
99,15,Female,184.2,46.7,8,7.44,2,62.4,3.26,55.8,5.25,94.1,10,81,9,8,3.58,6,12,4,1,32,23.6,Low
100,14,Female,178.5,82.3,3,9.48,7,51.2,5.15,68,5.39,82,5,82,9,4,3.16,8,9,10,0,39.3,22.9,Low
101,17,Female,185,75.6,7,7.59,9,54,4.18,98.4,10.88,53.4,7,97,10,2,2.71,8,14,4,1,44.7,27.6,Low
102,14,Male,146,56.5,10,5.5,10,76.9,3.06,96.1,5.62,62.7,9,71,10,2,3.46,9,14,6,0,58.3,24.7,Low
103,17,Male,195.9,57,9,14.19,2,48.3,3.17,94.2,14.59,90.4,2,79,9,10,3.66,7,10,4,0,24.6,23.7,Low
104,15,Female,173.6,86.9,3,13.52,7,75,3.98,72.6,6.42,58.4,5,95,10,1,3.46,9,6,9,0,39.2,25.8,Low
105,14,Male,186.1,52.2,10,12.55,7,41.2,5.38,92.9,8.05,84.9,10,53,3,5,3.38,9,12,9,0,61.4,20.1,Low
106,18,Male,164.6,94.6,6,7.09,7,43.6,4.81,52.4,13.23,89,9,72,3,6,2.84,1,13,3,0,56.2,21.7,Low
107,16,Male,181.1,56.5,2,6.64,3,74.2,3.96,57.4,7.19,66.5,3,93,6,4,3.47,6,7,7,1,59.1,23.8,High
108,17,Female,164.5,79.6,2,6.14,7,65.2,3.51,70.7,7.43,66.1,1,74,6,4,3,8,17,5,0,63,20.7,Low
109,16,Male,168.8,65.1,5,12.38,1,69.9,4.15,74.2,11.42,77.9,2,61,6,5,3.88,10,19,9,0,61.6,18.4,Moderate
110,16,Female,194.1,79,5,14.32,10,48.4,4.75,63.2,7.76,93.1,6,66,5,5,3.48,9,10,2,0,56.7,21.7,Low
111,14,Male,173.1,61.8,7,9.59,1,61.5,4.85,67.8,7.17,61.2,5,64,5,9,2.92,4,10,3,0,45.1,18.8,Low
112,16,Male,177.2,67.6,2,6.63,5,69.5,3.47,58.1,7.54,97.1,1,59,2,8,3.21,2,6,10,0,71.2,17.3,Moderate
113,18,Male,183.7,70.6,7,10.37,2,65.1,4.66,74.5,9.91,80,1,84,7,9,3.77,9,14,5,1,51.3,24,Low
114,16,Female,180,55,5,8.81,9,58.9,4.47,89.7,14.66,99.6,4,78,4,3,3,9,12,5,0,33.7,23.3,Low
115,14,Male,176.5,81.1,6,9.06,7,78.4,5.38,83.1,13.32,54.5,4,61,3,3,3.29,8,9,10,0,38.1,20,Low
116,18,Female,178.6,62.3,8,11.4,4,67,5.29,55.4,7.85,56.3,6,50,8,1,3.52,3,15,7,0,57.3,17.9,Low
117,15,Female,199,66.6,10,12.33,4,76.3,4.87,74.4,8.63,91.3,6,50,4,10,3.63,5,15,8,0,68.4,18.8,Low
118,16,Female,174.4,55.1,4,6.55,2,69.2,4.67,84.9,9.65,93.2,10,59,4,6,2.76,2,12,8,1,32.6,16.8,Moderate
119,14,Male,177,31.6,7,5.84,5,69.4,3.32,76.5,14.79,72.3,6,67,8,4,3.35,3,18,1,0,28,21.1,Low
120,15,Male,185.5,67.1,6,14.95,4,43.2,5.04,69.6,6.72,85.7,1,96,1,8,3.87,1,17,1,0,66.3,26.7,Low
121,15,Male,186.1,106.2,10,7.71,1,54.4,3.78,81.1,8.57,93.4,10,51,9,2,3.95,4,18,3,0,67.9,18.4,Low
122,17,Male,186.9,81.8,2,6.01,8,74.3,3.32,98.4,12.29,52.2,9,98,7,2,3.48,5,12,1,0,37.3,26.3,Low
123,18,Female,181.4,69.7,8,7.3,3,49.3,3.65,54.7,14.64,78.7,7,57,2,7,3.98,2,19,1,1,42.1,19.5,Low
124,16,Female,163.6,66.1,10,5.87,6,44.6,5.01,69.5,6.56,92.7,7,71,6,5,3.36,3,16,10,1,55.7,23.4,Low
125,14,Female,191.3,70.3,9,9.22,4,53,2.95,70.3,7.27,69.9,7,71,8,1,3.16,6,7,8,1,39.8,22.2,Low
126,17,Male,163.5,78.2,5,13.12,9,48.8,3.87,78.8,7.26,65.1,2,75,5,7,3.33,6,9,1,0,66.1,23,Low
127,18,Female,178,52.3,10,8.74,7,77,3.98,57.6,5.21,89.8,2,75,6,7,2.67,7,11,9,1,29.2,23.8,Low
128,17,Male,167.5,86.7,4,9.72,9,74.7,2.61,58.8,11.04,66.8,6,58,10,10,3.1,9,9,2,1,25.8,19,Low
129,18,Female,174.4,80.7,6,11.92,10,60,3.09,64.3,11.71,50.2,7,70,8,6,3.19,4,10,9,1,34,22.6,Low
130,18,Male,178.3,80.8,8,10.33,3,42.5,4.98,97.8,11.03,98,3,80,6,4,3.77,5,6,7,1,37.7,23.9,Low
131,16,Male,178.2,76.6,3,13.68,1,68.6,4.99,86.7,5.71,79.6,4,92,9,8,3.64,2,12,9,1,29.4,23.5,High
132,18,Female,179.2,70.3,10,13.73,5,64.9,3.38,83.1,5.69,91,3,55,9,2,3.4,6,9,3,0,27.2,19.9,Low
133,17,Female,191.1,80.1,1,5.59,3,78.8,5.12,90.8,7.1,91.3,7,63,9,2,3.02,4,10,1,1,60.3,16.9,High
134,18,Female,179.5,78.9,4,12.89,6,62.4,4.82,56.4,7.9,53.3,7,82,6,2,2.78,5,5,1,1,31.9,22.6,Low
135,16,Female,172.6,64.7,4,9.88,8,53.5,3.75,93,12.87,58.5,4,56,9,3,3.02,7,14,10,1,67.9,18.2,Low
136,16,Male,184.6,61.4,1,14.89,4,60.8,4.75,79.7,6.59,65.6,7,73,3,6,3.52,6,6,6,0,41.7,19.7,Moderate
137,17,Female,186.9,71.5,9,10.09,5,79.2,5.38,66.8,5.44,66,5,58,5,1,2.89,8,15,7,0,56.2,19.6,Low
138,15,Female,162.7,93.2,3,14.88,5,67.9,3.88,90.8,8.94,82.9,1,60,2,2,3.14,6,8,9,1,34.8,17.8,Moderate
139,15,Female,181,51.4,5,12.67,4,66.9,3.22,90.1,9.16,81.2,10,72,8,10,3.08,10,15,6,0,35.5,20.7,Moderate
140,18,Male,182,48,6,7.86,4,49.6,5.33,92.3,9.51,74.7,4,97,4,2,3.65,8,13,5,0,51.6,26.6,Low
141,14,Male,172,72.5,8,10.61,4,69.7,4.31,55.8,13.27,60.6,7,100,6,1,3.83,4,10,2,1,50.9,28.2,Low
142,18,Female,188.8,70.8,6,14.93,4,70,2.82,98.5,5.98,69.1,2,51,6,3,3.55,7,12,2,0,60.9,17.4,Low
143,17,Male,173.5,72.6,3,13.65,4,52.7,4.22,98,12.04,77.2,2,64,5,10,3.01,3,6,8,1,60.4,18.2,Moderate
144,17,Female,176.3,73.7,6,6.42,5,59.3,4,67.9,8.38,73.4,1,84,1,7,3.15,1,14,1,1,56.2,23.8,Low
145,17,Male,173.3,66.7,1,12.21,2,51.8,5.07,53.3,8.1,56.4,2,85,7,1,2.72,9,19,8,1,45.6,20.7,High
146,17,Male,175.2,92.3,4,8.78,2,50.3,4.09,58.4,14.33,82.5,10,77,10,7,2.75,9,9,10,0,66.8,20.4,Moderate
147,17,Male,164,46,6,5.57,9,41,3.27,99.6,7.48,53.7,8,88,8,5,2.75,6,16,7,1,53.9,25.5,Low
148,16,Male,160.6,57.6,7,9.33,2,51.4,4.53,78.2,11.43,68.9,8,93,1,9,2.7,2,16,7,1,71.5,24.7,Low
149,15,Female,190.9,68.5,10,7.73,6,62.2,4.13,67.8,7.75,85.5,8,53,10,2,2.77,8,17,5,0,63.3,19.2,Low
150,17,Female,166.5,45.4,3,13.28,2,40.1,3.2,64.4,10.07,51,1,59,7,1,2.8,10,5,3,1,26.1,16.4,High
151,14,Female,165.1,67.4,9,8.7,5,51.3,4.22,62.8,12.86,78.5,1,55,4,9,2.67,6,8,7,0,39.4,18.8,Low
152,14,Male,153.5,94.9,7,13.36,4,75.3,4.96,83.2,13.82,66.7,10,79,6,8,3.46,7,14,7,0,51.5,23.3,Low
153,14,Female,168.6,70.3,1,5.51,7,63.7,2.59,71,13.39,50.4,4,95,9,10,3.99,1,5,7,1,58.6,25.5,Low
154,14,Female,161.8,73.5,2,8.42,7,64.3,4.39,98.3,10.82,59.5,6,84,5,6,3.82,3,15,2,0,50.4,23.5,Low
155,16,Female,191.4,51.1,1,7.79,6,56.1,3.55,84.2,7.49,97,8,98,8,5,2.57,1,15,3,1,61.7,24.4,Low
156,14,Male,185.1,60.8,9,7.72,10,67.1,3.38,89.6,11.61,76.1,2,92,5,8,3.13,10,13,3,0,37.6,28.1,Low
157,17,Male,168.1,64.4,9,6.15,5,47.6,3.68,64.6,12.1,99.9,3,59,2,8,3.79,1,6,4,0,32.8,20.7,Low
158,18,Male,197.5,65.2,7,7.28,1,72.7,3.53,54,5.11,76.2,6,81,4,5,2.7,1,11,9,0,26.6,22,Low
159,14,Female,184.8,89.2,10,10.78,3,44.7,5,74.4,9.39,77.2,10,91,2,7,3.77,4,7,10,0,51.5,26.9,Low
160,16,Female,171.8,78.4,3,8.27,9,66.2,3.32,65.7,13.43,69.6,4,91,7,1,3.39,7,18,1,1,57.1,25.5,Low
161,16,Female,150,53.3,5,9.47,1,53.6,4.7,60.1,9.9,65.5,2,52,7,4,3.9,7,6,7,1,39.7,16.6,Moderate
162,14,Male,197.9,73.7,4,9.08,5,69.9,2.78,97.6,8.11,62.6,7,75,3,2,3.81,5,17,7,0,53.5,21.9,Moderate
163,18,Male,161.1,77.5,7,13.82,2,62,5.35,72.2,13.72,67.2,4,64,7,10,3.52,6,8,4,1,26.5,19.7,Low
164,14,Female,158.5,87.1,9,14.1,4,58.1,4.37,58.7,6.56,73,8,66,1,3,3.49,2,11,1,1,28.8,21.5,Low
165,16,Male,185.2,93.7,2,10.18,1,46.8,4.62,59.9,7.06,59.6,8,76,1,1,2.82,5,11,3,1,57.7,19.1,High
166,15,Male,199.4,54.8,8,8.64,3,65.5,3.39,64,11.87,61.2,7,67,9,2,2.68,7,13,5,1,41.7,20.2,Low
167,17,Male,188.8,57.8,9,6.51,10,79,3.74,100,8.52,63.6,10,100,6,1,3.12,9,16,2,1,56.2,29.7,Low
168,16,Male,180.6,51.1,10,14.56,7,73,3.17,63.4,12.13,72.5,9,68,5,8,2.78,6,17,7,1,63.9,22.5,Low
169,14,Female,180.9,66.5,10,6.07,10,42.4,5.3,66.4,6.58,82.6,4,61,6,4,2.65,10,7,10,1,64.9,21.8,Low
170,17,Male,183.5,77,9,8.33,3,55,3.96,83,7.52,92.8,7,73,6,3,2.95,4,11,10,0,32.3,22,Low
171,14,Male,182.6,84.8,10,8.33,4,77,4.39,64.7,6.57,64.4,10,54,1,1,3.79,3,10,7,1,47.3,19.8,Low
172,14,Male,177.8,68.9,7,8.54,2,60.1,4.7,60.8,14.53,59.2,10,73,5,2,2.53,9,14,10,0,59.2,20.5,Low
173,15,Male,176,65.2,9,7.06,3,66.5,3.61,57.9,9.05,68.9,1,76,9,3,2.94,7,11,5,0,61.2,22.6,Low
174,17,Female,174.4,72.3,9,12.94,9,76.5,4.66,65.6,8.37,94.7,4,97,4,3,3.14,6,11,10,0,61.7,28.8,Low
175,17,Female,167.5,57.5,3,6.66,3,75,4.53,55.3,5.14,50.5,2,79,3,6,3.27,7,14,6,1,35,21.2,High
176,15,Male,172.2,101.3,4,11.53,5,60.1,4.62,50.9,6.53,83.9,9,64,1,10,2.77,8,9,1,1,33.2,18.7,Moderate
177,16,Male,158.1,45.9,2,6.68,2,57.5,3.97,90.2,9.21,73.9,5,96,2,8,3.95,5,13,4,0,52.3,24.6,High
178,14,Male,174,72.8,10,6.17,4,53.6,3.65,56.9,5.69,58.1,3,87,3,6,3.37,3,11,4,0,59.6,26,Low
179,18,Male,165.1,100.4,3,14.14,7,68.8,3.17,88.8,10.11,66.1,4,93,4,2,3.28,3,11,8,1,39.3,25.2,Low
180,14,Male,164,70.1,5,7.31,7,51.5,4.97,89.9,9.55,61.2,6,83,7,2,2.51,2,16,2,1,29,23.2,Low
181,14,Male,176.8,67.1,5,13.3,3,50,4.33,76.9,12.67,93.9,10,76,6,7,3.23,8,18,1,1,58.4,21.3,Moderate
182,16,Female,188.9,64.6,6,10.67,5,54.2,3.83,65.5,11.6,74.1,1,69,8,1,3.76,1,7,7,0,38.4,21.5,Low
183,14,Male,184.2,67.3,7,6.24,1,47.1,5.33,57.3,9.46,78.2,7,90,9,1,2.83,8,5,6,0,32,23.9,Low
184,15,Female,159.3,90.6,7,14.58,10,67.8,2.64,86.8,7.25,79.7,8,81,6,7,3.03,3,18,5,1,31.1,25,Low
185,15,Female,165.1,36.8,1,7.85,10,64.6,5.05,80.1,12.27,82,7,53,7,9,2.53,9,18,8,1,39.1,16.5,Low
186,17,Male,184.4,93,2,13.67,10,59.3,5.49,82.8,12.08,74.8,7,54,4,5,3.97,2,9,2,0,52.4,18.6,Low
187,18,Female,165.2,48.6,9,7.1,1,55.6,5.16,50.4,6.53,50.9,9,57,2,1,2.6,10,12,2,1,41.2,17.9,Low
188,14,Female,172.8,66,10,13.61,5,76.4,4.93,96.4,14.15,66.7,4,71,9,5,3.85,9,9,9,1,25,23.6,Low
189,14,Female,180.5,63.6,2,5.63,10,41.2,3.62,53.3,5.64,59.2,7,91,9,1,2.97,6,14,1,0,28.7,25,Low
190,16,Female,165.3,78.8,6,10.36,9,70.8,3.19,68.3,5.55,84,9,56,4,10,3.38,1,7,6,0,37.9,19.7,Low
191,15,Female,176.1,46,1,12.81,1,76.1,4.7,70.1,6.87,52.8,5,71,3,9,3.52,5,13,3,0,55.7,18.4,High
192,18,Female,161.7,76.9,3,14.38,1,57.9,3.41,50.1,14.09,78.2,2,95,10,4,2.71,10,6,5,0,28.7,23.2,High
193,17,Male,169,100.4,2,14.14,4,62,3.03,74.9,10.2,60.5,5,79,6,9,3.17,9,19,8,1,50.9,21,Moderate
194,15,Female,178.2,49.6,3,13.29,4,77.8,4.86,87.6,12.88,97.4,4,86,3,2,2.99,6,7,7,0,29.8,22.6,Moderate
195,17,Female,159.1,72.8,5,13.94,2,48.5,3.44,91.2,7.28,66.8,8,65,1,7,2.58,7,16,4,1,34.2,18.2,Moderate
196,16,Female,179.4,60.1,10,7.39,9,60.8,5.24,94,9.9,66.3,5,64,4,2,3.75,4,8,8,1,32.3,23.2,Low
197,16,Male,174.8,76.4,6,8.2,9,59,5.02,74.4,8.58,96.2,9,54,1,4,2.57,1,14,10,1,27.2,18.5,Low
198,14,Female,180.5,70.3,9,8.25,2,50.3,5.04,81.5,13.28,70.9,9,52,2,6,3.48,5,5,2,0,56.2,18.1,Low
199,18,Male,177.2,60.4,10,9.08,9,72.7,4.81,54,5.23,98.1,3,72,3,2,2.97,2,15,7,0,46.2,24.1,Low
200,17,Female,188.6,77.3,4,9.24,6,76,5.14,74.4,7.44,51.2,10,59,8,2,2.79,8,8,5,1,63.9,18,Low
201,15,Male,176.3,97.1,7,10.67,8,71.3,4.92,57.7,6.53,65.3,6,54,10,2,3.5,4,8,6,1,28.7,19.5,Low
202,16,Male,170.7,67.1,6,7.02,10,47.8,4.31,68.5,13.59,83.3,6,72,4,3,3.36,1,13,3,0,30.9,23.2,Low
203,14,Female,176.2,80.8,2,12.07,4,43.5,3.39,66.5,9.68,94.5,4,64,4,5,2.97,10,12,10,1,38.7,17.8,Moderate
204,14,Female,180.4,50.6,10,7.09,2,64.2,5.16,71.2,9.04,62.8,10,67,10,9,3.27,7,6,7,1,60.8,21.3,Low
205,17,Male,175.5,55.7,8,8.45,2,42.3,5.02,78.6,9.49,96.5,3,74,9,6,2.87,2,17,7,1,38.7,21.5,Low
206,16,Female,175.4,77.1,7,10.28,9,66.9,3.92,95.1,14.72,79.7,1,57,7,9,3.8,3,11,2,1,43.6,20.7,Low
207,18,Male,168,92.3,7,13.07,1,61.2,2.62,69.7,13.5,90.1,7,80,2,10,2.97,9,10,1,1,38.5,22.1,Low
208,16,Male,168.4,75.3,8,12.52,7,66.5,4.42,99.1,12.06,69.9,5,70,3,5,2.87,9,11,10,1,27.9,22.2,Low
209,17,Male,161,65.3,1,11.63,3,63.6,2.65,88,7.9,60.6,10,51,4,6,3.63,2,15,2,1,69.1,15.1,High
210,17,Male,192.5,70,1,6.98,3,56.9,5.28,75.6,6.65,95.6,7,71,4,10,2.53,3,8,8,1,50.3,18,High
211,16,Male,162.6,51.2,8,10.7,2,48,5.38,82.2,14.21,96.7,1,57,10,8,2.9,9,18,10,0,61.8,18.1,Low
212,17,Female,168.1,79.1,4,6.33,10,52.2,3.07,55.1,9.23,74.9,8,72,8,3,3.06,1,18,3,0,55.6,22.1,Low
213,16,Male,167.8,83.2,5,9.08,6,61,4.53,92.2,7.79,50.3,3,81,10,2,3.82,2,9,4,1,48.7,23.8,Low
214,15,Male,183.9,63.2,8,9.43,10,66.1,2.78,79.1,9.71,55.5,7,57,10,3,3.93,2,10,8,1,28.3,21.5,Low
215,16,Female,172.1,62.9,5,5.88,2,71.2,4.69,99.3,14.18,78.7,3,53,6,9,3.57,10,13,3,0,54.9,16.8,Moderate
216,16,Male,187.5,74,10,8.1,10,70.7,3.54,81.8,8.87,51.2,3,79,3,6,3.24,3,6,6,0,31.5,26,Low
217,17,Female,168.3,63.4,4,14.58,4,78.9,4.54,91.7,10.63,69.8,10,68,9,10,3.46,10,15,2,0,43.9,19.9,Moderate
218,17,Female,177.8,69,6,14.56,10,51.4,3.62,90,13.03,65.2,9,72,10,4,3.12,3,13,3,1,54.2,22.9,Low
219,14,Female,166.6,101.5,5,8.85,9,42.8,2.94,67.3,9.27,85.7,2,67,8,10,2.95,10,14,1,0,61.5,21,Low
220,14,Male,196.5,66.3,7,5.91,9,53.8,3.72,63,7.34,52.8,4,78,9,3,3.93,2,5,9,0,56.9,25,Low
221,15,Male,163.1,64.6,10,7.2,6,69.7,2.84,71.5,14.95,74.4,6,72,5,2,2.67,8,8,4,1,56.2,22.9,Low
222,14,Male,178.1,60.3,7,9.23,4,57.5,4.23,73.4,14.57,79,3,82,3,4,3.02,8,16,6,0,31.2,23.4,Low
223,16,Female,181.3,81.2,4,14.5,7,72.7,2.62,62,13.43,80.9,10,96,4,9,3.85,8,9,7,1,40.6,26.8,Low
224,17,Male,179.1,67.3,5,6.84,1,62,4.08,94.7,11.88,70.3,10,67,5,4,3.58,2,13,2,0,26.1,19.3,Moderate
225,14,Female,173.1,60.3,3,12.75,4,77.2,5.16,77.1,7.95,65.2,7,93,9,5,2.54,9,19,8,0,58.5,23.5,Moderate
226,14,Male,173.7,89.8,4,6.53,5,77.9,5.01,98.9,14.13,84.1,7,82,9,8,2.53,7,10,9,0,69.7,22,Moderate
227,15,Female,175.4,91.3,4,14.82,8,42.8,5.15,90.5,7.76,92.4,5,56,3,2,3.27,5,8,10,0,36.7,18.5,Low
228,15,Male,173.5,61,3,9.13,2,58.3,5.27,77.8,13.01,84.7,3,100,7,3,3.23,7,6,2,0,28.2,25,High
229,16,Male,184.6,42,10,12.86,5,64.4,2.81,97.4,14.18,96.6,2,77,6,6,3.16,8,9,5,1,46.8,24.1,Low
230,17,Male,197.1,85.1,5,8.75,6,50.2,2.89,75.2,11.03,85.9,4,50,4,7,2.95,9,12,2,1,65.1,16.8,Low
231,15,Female,169.4,59.7,5,11.46,5,56.3,4.17,94.4,13.03,88.2,4,88,5,4,3.98,2,12,5,0,50.5,25.1,Moderate
232,14,Female,161.3,81.9,7,7.32,9,67.1,5.18,67.9,12.92,58.4,8,83,10,1,2.91,6,10,7,1,26.2,25,Low
233,17,Male,174.1,40.4,4,6.89,10,49.1,5.42,68.9,6.93,71,8,88,2,7,3.24,9,15,6,0,70.8,25.4,Low
234,17,Male,200.8,83.4,4,14.41,1,64.1,2.64,70.9,11.68,74.3,5,68,7,9,3.11,6,5,4,0,63.8,18.6,Moderate
235,14,Female,167,51.8,9,14.22,3,67.9,3.57,77.3,5.93,62.8,6,80,4,1,2.76,2,19,2,0,30.3,23.3,Low
236,15,Female,191.4,81,6,13.93,2,43.6,3.14,77.7,10.08,76.4,8,62,2,1,2.8,1,12,7,0,68.2,18.2,Low
237,14,Female,191.8,70.2,4,11.44,3,59.9,4.77,74.8,6.62,64.5,1,73,6,1,3.88,3,8,10,0,45.6,21,Moderate
238,17,Male,169.5,55.7,2,13.18,10,50.5,4.42,65.3,9.16,84.4,5,54,2,10,3.79,5,19,9,1,41.9,18.4,Low
239,18,Female,180.7,63.9,6,6.16,9,69,2.86,96.4,13.33,73.5,4,72,10,7,2.8,7,18,1,1,46.1,22.3,Low
240,18,Male,191.3,80.3,2,8.68,9,47.6,3.95,79.4,14.87,72.9,4,68,2,9,3.81,10,6,3,1,64.1,20.9,Low
241,16,Female,171.2,71.6,5,8.48,10,75.7,4.56,70.4,8.18,99.2,2,50,7,3,2.81,10,5,7,1,55.7,17.8,Low
242,14,Male,173,78.8,6,11.54,2,57.2,4.84,82.6,10.32,69.6,10,82,1,8,3.44,3,11,9,0,26.8,22.8,Low
243,14,Female,169.2,99.6,4,8.88,3,47.9,2.56,88.4,10.11,68.1,1,99,7,9,2.62,9,6,5,1,70,24.9,Moderate
244,16,Female,164.9,46.5,3,6.91,4,57.5,5.17,98,14.54,65.9,6,82,10,3,3.82,10,17,7,0,31.1,22.6,Moderate
245,16,Female,168.5,94.3,7,11.17,9,56.3,4.21,75,9.79,94.7,7,81,5,3,2.58,4,8,10,0,59.8,24.3,Low
246,16,Female,162.8,71.6,2,13.24,3,57.2,4.94,55.6,11.99,74.8,5,77,1,1,3.33,10,8,7,1,54.5,20.4,High
247,17,Female,175.3,56.5,6,9.13,7,63.4,4.92,72,14.22,80,8,86,6,2,3.67,2,17,4,1,33,25.4,Low
248,14,Male,167.3,50,4,6.76,3,60.8,3.07,73.9,8.73,59,9,90,7,7,2.68,3,14,5,0,32.2,23.2,Moderate
249,17,Female,177.3,67.2,6,7.37,7,46,2.83,94.8,14.02,77,2,61,1,3,3.11,5,19,2,0,65.8,19.8,Low
250,16,Female,159.4,83.8,4,7.76,7,42.6,4.66,69.7,14.17,63.7,4,58,9,7,2.56,3,5,8,0,44.1,17.9,Low
251,14,Female,178.3,68.1,4,8.35,9,69.2,2.97,97.7,14.31,86.5,9,99,7,5,3.52,5,6,1,1,55.4,27.6,Low
252,17,Male,183.3,92.7,4,11.61,2,62.4,5.05,74.3,7.7,91.6,5,60,1,10,2.96,4,5,2,0,48.2,17.2,Moderate
253,17,Female,155.1,48.2,9,11.21,6,54.4,4.68,98.7,9,85.7,3,82,3,8,3.34,10,10,3,0,58.9,25.1,Low
254,16,Male,178.7,69.8,7,12.11,9,72.3,5.03,50.4,13.7,86.5,6,68,5,5,3.9,3,17,7,0,47,23,Low
255,14,Female,187.3,51.2,3,8.94,2,55.5,3.4,94.9,8.59,75.6,3,91,4,3,2.96,6,7,6,0,37.8,23,High
256,16,Female,162.9,75.5,3,13.33,2,71.8,3.45,96.6,11,85.6,5,83,2,9,2.57,8,5,7,1,41.4,21,High
257,14,Male,191.7,83.3,6,7.44,5,52.2,4.51,98.1,6.18,71.1,3,56,1,7,3.51,4,16,5,1,65.2,18.6,Low
258,18,Female,179.2,63.7,6,9.96,10,42.9,2.59,50.7,5.56,82.6,6,80,4,5,3.68,9,12,4,0,46.5,25.1,Low
259,15,Male,167.9,30.9,4,13.11,10,77.3,4.68,58.6,9.12,63,10,51,7,7,3.94,6,18,7,1,34.2,18.7,Low
260,15,Male,174.4,73,9,7.21,10,55.8,5.01,82.7,10.79,53.5,5,68,4,10,2.74,5,16,3,0,68.9,22.9,Low
261,15,Female,180.6,76.6,4,6.54,8,71.7,3.75,51.3,8.93,70.7,9,87,9,9,3.09,3,18,10,1,62.2,24.5,Low
262,16,Male,175.8,76.1,9,13.89,9,51.2,4.79,53.2,10.78,73.1,3,81,8,5,3.77,5,8,7,1,26.7,26.3,Low
263,18,Female,180.4,88.5,4,8.76,2,65.9,3.02,61.1,10.15,62.8,6,59,8,7,3.71,5,14,2,1,71.9,17.7,Moderate
264,14,Female,165.8,53.9,2,12,5,74.9,3.47,75.6,11.86,86.4,8,90,5,9,3.44,4,11,8,1,57.4,23.7,Moderate
265,17,Male,176.7,80.2,2,5.74,7,41.7,5.42,77.3,11.5,53.7,7,57,1,1,2.9,6,14,6,0,31.7,17.2,Low
266,14,Male,160.9,87.9,5,12.06,6,73.2,5.46,51.7,9.24,61.1,6,75,9,4,2.93,3,6,3,0,35.4,21.7,Low
267,17,Male,173.9,43.3,4,8.5,6,62.9,4.04,58.5,9.25,87.4,2,79,2,1,2.69,10,19,3,0,57.2,21.9,Low
268,14,Male,166,74.8,7,6.03,7,64.3,5.3,75,6.41,71.9,7,60,6,8,3.88,1,10,5,1,61.4,20.8,Low
269,18,Female,167.6,62.4,5,11.29,3,60.9,4.07,79.7,10.13,85.3,8,90,10,3,2.76,7,10,3,1,35.5,23.7,Moderate
270,17,Female,187.4,68.8,6,7.79,3,75,3.37,57.4,10.87,78.4,1,69,5,2,3.36,7,11,6,0,36.3,20.5,Low
271,16,Male,185.9,75.2,10,9.17,10,41.7,3.3,69.9,9.76,97.5,9,69,10,4,3.38,4,16,2,1,38.7,24.2,Low
272,14,Female,181.1,62.7,4,6.27,9,50.4,5.29,95.2,8.26,79.9,4,58,8,3,3.05,9,5,8,1,52.7,19,Low
273,14,Female,164.1,59.9,2,6.9,8,75,3.02,99.9,12.22,50.7,8,57,3,5,3.03,2,18,9,0,32.2,17.6,Low
274,17,Female,171.8,70.5,10,8.33,5,70.1,4.24,99.4,5.75,67.6,10,64,6,8,3.5,1,16,7,1,29,21.8,Low
275,16,Female,187.1,53.7,9,6.35,6,40.7,4.17,94.1,14.14,57.2,7,83,6,10,3.08,3,5,3,0,56.6,25.1,Low
276,16,Male,176.4,53.7,10,14.15,10,60.7,4.72,69.7,5.21,96.2,10,73,10,8,2.88,7,19,10,1,61.4,24.5,Low
277,18,Male,198.2,80.2,7,5.56,1,61.2,4,84.3,14.62,55.2,7,82,3,7,3.1,9,6,4,0,48,22.6,Low
278,16,Female,178.9,52.8,4,10.1,10,56,3.32,70.8,9.62,69.4,2,90,7,8,3.71,2,18,10,1,41.5,26.3,Low
279,16,Male,176.9,80,3,6.67,1,51.9,3.01,82.4,9.13,61.3,1,90,4,5,3.95,6,15,2,1,44.7,23.4,High
280,16,Male,171.9,76.9,10,8.42,4,67.3,4.36,65.5,7.56,92.3,4,94,5,10,3.45,3,6,9,1,42.6,27.4,Low
281,15,Male,176.3,44.1,3,14.3,2,48.3,4.66,80.3,5.1,65.4,2,89,9,10,3.67,5,9,5,1,70.1,23.3,High
282,18,Female,173.5,59.8,9,7.04,7,72,4.21,76.2,7.75,99.6,8,76,6,6,3.3,9,5,2,1,60.9,24.2,Low
283,14,Female,182.1,87.9,5,14.68,2,72.1,4.72,51.2,6.09,51.9,10,70,10,8,3.44,3,15,10,0,34,20,Moderate
284,17,Female,184.6,55.3,3,7.46,10,56.6,2.92,89.5,11.6,56.4,7,54,4,1,3.98,1,6,6,1,42.4,19,Low
285,14,Male,167.1,63,5,12.54,2,51.3,5.15,50.6,8.19,61.2,8,84,8,6,3.16,5,10,7,0,50.1,22.6,Moderate
286,18,Female,161.7,76.9,2,10.69,5,51.4,4.25,64.7,12.67,90.6,6,70,9,6,2.6,1,7,2,0,53.4,18.9,Moderate
287,17,Female,156.6,81.8,4,13.9,4,59.3,2.88,50.3,7.07,93.9,1,53,10,5,3.94,8,8,1,0,46.5,17.3,Moderate
288,18,Male,180.1,66.2,10,10.76,8,68.8,3.89,68.8,14,53.6,9,98,5,4,3.69,7,5,7,1,62.9,29.7,Low
289,16,Female,164,61,2,10.58,4,54.4,5.03,53.2,10.23,51.6,6,97,2,1,3.1,2,9,1,0,60.8,24.5,Moderate
290,17,Female,153.5,91.3,2,7.36,6,64.4,5.19,95.7,6.15,87.2,10,65,6,10,3.97,9,8,3,1,48.2,19.6,Low
291,16,Male,178.9,96.1,8,7.08,5,55.3,3.29,70.8,9.01,56.7,1,80,8,8,3.02,5,12,4,1,65,23.7,Low
292,14,Male,199.9,84.7,1,14.21,2,52.2,4.63,73,7.07,56.6,1,75,5,6,3.06,7,7,2,1,60.1,19.1,High
293,14,Male,174.9,71.3,7,8.61,8,41,2.8,67.5,7,51.1,8,84,1,3,3.41,4,14,7,0,61.4,25.4,Low
294,17,Female,183.4,57.9,5,9.03,2,40.2,2.6,81.4,10.06,52.5,6,55,8,3,2.91,1,5,5,1,69.9,16.5,Moderate
295,17,Female,175.8,57.5,8,12.72,9,49.1,4.18,89.2,11.72,63.2,8,82,9,6,3.55,8,18,1,1,36.8,25.9,Low
296,18,Female,174,77.8,1,8.72,9,56.3,4.58,82.4,14.12,53.3,8,70,1,7,2.73,1,17,8,1,36.8,19.8,Low
297,18,Male,184.2,76.3,7,14.54,3,74.1,4.89,87.4,10.02,68.4,8,65,8,8,2.66,3,14,10,0,66.7,19.4,Low
298,16,Male,172.1,91,5,12.51,4,71.9,3.52,95.3,14.66,91.6,10,96,10,5,3.3,6,9,7,0,61.1,25.7,Moderate
299,17,Female,177.7,79.8,4,11.18,8,50.7,2.52,93.2,14.42,66.3,7,88,2,10,3.33,8,18,4,0,68.5,24.9,Low
300,14,Female,178.2,47.5,7,13.87,9,49.8,3.94,83.7,13.65,86.4,7,83,4,6,2.66,8,19,2,0,27,24.8,Low
301,18,Male,168.3,85.8,10,5.97,3,49.1,2.55,60.7,10,54.7,10,91,2,1,3.95,2,5,7,1,54.1,27,Low
302,18,Male,184.9,55,2,7.94,5,53.6,2.78,81.9,6.41,83,4,64,2,6,3.36,9,15,2,0,30.9,18.5,Moderate
303,14,Male,173.3,64.2,1,9.92,8,59.9,3.48,75.3,7.18,65.8,9,55,10,9,2.73,4,9,6,1,48.2,16.5,Low
304,18,Male,167.4,73.8,1,7.66,3,57.5,3.81,85.9,11.48,87.5,2,51,3,10,2.97,4,13,1,0,31.5,14.5,High
305,16,Female,180.4,99.9,1,12.57,7,48.7,3.34,91.6,9.22,56.8,9,73,8,4,3.7,2,9,7,1,30.1,20.8,Low
306,17,Male,166,116.6,5,14.23,8,45.2,4.25,87.1,6.47,94.9,10,98,4,10,3.28,1,6,7,0,24.6,27.3,Low
307,14,Female,175.3,79.1,10,9.53,10,40.5,2.67,92.3,9.79,62.1,3,77,7,1,2.78,10,17,4,0,54.3,25.2,Low
308,17,Female,174.9,67.3,7,8.75,3,46.2,2.93,53.2,5.17,67.7,2,50,10,9,2.65,7,19,4,0,41.2,16.4,Low
309,18,Female,185.9,78,2,14.63,2,68.2,4.59,51.6,12.34,97.5,4,50,3,4,3.15,10,6,10,1,29,14.6,High
310,18,Male,179.7,83.3,10,9.73,10,49.7,2.93,62.9,5.74,78.9,5,77,10,2,3.01,3,14,5,1,39.5,25.4,Low
311,14,Male,174.7,65.2,8,10.15,7,58.7,4.42,95,11.29,68.3,2,85,3,1,3.48,4,13,2,0,32.1,25.8,Low
312,16,Male,183.2,96.9,4,8.84,9,63.7,2.66,91.2,12.93,97.5,1,69,2,3,3.89,9,16,9,0,69.2,22,Low
313,15,Male,188.9,73.5,3,14.14,1,75.5,3.72,84.1,6.33,66.5,10,97,6,7,2.87,6,18,10,0,39.4,23.8,High
314,14,Female,180.6,77.5,10,10.91,3,75.6,3.03,85,10.19,54.7,5,57,6,10,3.78,1,9,4,0,40,20.1,Low
315,15,Male,175.1,80,8,12.74,5,69.8,2.83,86.3,12.79,99.8,9,50,1,2,3.88,9,15,9,0,64.3,18.6,Low
316,15,Male,161.9,76.3,2,13.21,3,41.4,4.2,97.1,7.61,63.4,5,75,7,9,3.85,9,12,3,0,55.1,20.6,High
317,16,Female,164.3,82.6,3,8.75,1,63,5.29,91.6,6.63,92.6,10,100,4,2,3.93,5,14,9,1,58.1,25.4,High
318,15,Male,171.9,60.7,3,9.62,7,71.5,2.66,81.2,8.37,58.3,9,92,3,5,3.76,8,8,1,1,54.5,25.5,Low
319,15,Female,168.9,61.6,10,13.56,7,40.7,3.76,83.3,10.55,86.6,10,98,8,8,3.39,7,6,7,1,69.4,29.1,Low
320,16,Female,173.1,53.5,1,8.95,10,62,4.62,60.7,10.75,76.2,6,74,2,10,3.11,8,8,4,1,33.9,21.3,Low
321,15,Female,175.6,76.6,6,13.04,8,74.3,3.89,82.9,6.31,99,3,59,9,8,3.24,9,16,7,1,71.5,19.8,Low
322,15,Female,180.3,81.7,2,14.44,5,59,4.92,71.2,9.58,77.6,4,61,8,3,3.81,2,15,10,1,63.9,18.3,Moderate
323,15,Female,174.3,76.9,1,11.42,10,40.2,3.04,57.6,7.68,51.3,4,90,8,2,2.95,10,8,6,0,52.3,24.3,Low
324,14,Female,179.9,95.1,2,12.55,5,40.4,5.38,90.3,13.42,80.2,1,56,3,9,2.74,5,15,4,0,55.8,16.2,Moderate
325,14,Female,175.6,69.9,6,13.15,5,56.7,3.66,75.5,8.14,57.3,3,61,4,3,2.71,8,13,4,0,55.1,18.8,Low
326,14,Female,155.2,80,4,13.53,1,46.2,3.52,98.9,13.39,89.9,3,96,2,8,3.74,3,14,8,0,26.8,24.8,Moderate
327,16,Male,165.6,53.6,6,9.25,10,66.6,5.12,64.1,9.29,92.8,1,89,2,2,3.64,6,15,7,0,34.5,26.8,Low
328,18,Male,173.6,64.2,9,5.99,5,68.4,4.19,74,12.27,74.1,9,66,4,3,3.25,6,10,4,1,70.2,21.6,Low
329,15,Male,162.9,80.4,10,9.32,6,47.1,4.05,72.4,10.1,89.2,1,54,6,1,2.91,7,19,6,1,49.6,19.5,Low
330,15,Male,181,82.7,10,11.9,1,75.5,4.68,56,11.22,57.3,9,63,5,6,3.52,3,14,6,1,42.2,20.4,Low
331,16,Female,190.3,65.6,8,9.78,7,57.7,4.24,71.3,8.95,74.6,1,83,1,7,2.56,8,19,1,1,60.6,24.5,Low
332,15,Male,187.2,68.9,1,12.62,1,45.7,2.99,64.4,12.68,69.7,2,97,10,4,3.35,8,10,2,1,49.2,23.5,High
333,14,Female,172.9,47.2,8,8.89,2,70.6,4.52,58,9.25,80.6,2,66,1,1,3.1,9,9,4,0,24.6,20.1,Low
334,18,Male,189.9,64.6,9,11.53,2,71.6,2.9,64.1,9.57,52.2,6,84,6,3,3.97,8,10,6,1,59.3,25,Low
335,17,Male,176.5,83.4,6,7.27,5,65.6,4.92,61.7,10.18,87.6,7,50,3,9,3.26,3,5,6,1,59.1,17.2,Low
336,15,Male,171.6,78.6,10,12.62,10,74.1,5.47,86.7,13.32,54,1,99,3,5,3.33,6,17,1,1,31.9,30.1,Low
337,14,Female,168.9,77.5,5,10.68,7,69.5,3.63,51.5,11.59,82.8,3,99,7,6,3.57,9,9,8,0,69.9,27.5,Low
338,17,Male,172,70.7,6,7.44,1,75.3,3.83,80.9,8.49,50.9,2,85,1,4,3.23,1,16,2,0,34.7,22.9,Low
339,18,Female,171.1,70.1,6,8.27,10,57.4,2.64,88,11.7,91.6,8,64,1,1,2.84,3,10,5,0,46,21,Low
340,17,Female,176.7,60.1,9,12.61,1,69.9,2.54,74,11.42,58.7,9,68,10,5,3.31,2,12,4,0,29.5,20.8,Low
341,14,Male,176.6,80.5,4,10.08,1,80,5.26,96.6,14.31,75.8,2,100,3,5,3.92,8,8,5,0,53,25.8,Moderate
342,17,Male,175,76.3,2,7.55,6,69,2.89,85.4,13.41,63.1,2,91,8,5,3.11,6,18,5,0,42,23.9,Low
343,16,Male,179.4,77.4,9,14.69,2,44.6,3.84,87.4,11.47,86.1,10,54,1,6,3.52,10,9,10,1,41,18.5,Low
344,17,Female,186.9,62.1,2,12.29,1,60.7,4.95,59.8,8.42,66.1,9,68,10,2,3.97,8,8,8,1,63.7,18.7,High
345,15,Male,184.5,37.7,10,14.59,6,63.5,5.17,88.9,12.8,86.2,4,92,4,1,3.74,2,11,10,1,24.5,27.9,Low
346,15,Female,160.2,86.5,9,9.56,2,47,4.06,91.6,10.75,64.2,5,88,9,2,3.49,6,14,7,0,62.3,25.3,Low
347,16,Female,149.5,62.8,2,10.01,6,78.5,4.2,68.1,14.85,87.6,9,54,4,10,3.6,7,10,9,0,51.4,17,Low
348,14,Male,184.3,57.1,8,14.03,10,47,4.51,60.7,7.48,51.5,6,61,10,6,3.9,8,18,1,0,71.3,22.3,Low
349,15,Male,161.3,80.4,9,10.49,8,47.1,5.38,69.3,5.8,64.2,10,68,8,5,3.94,9,8,6,0,52.3,23.5,Low
350,18,Female,172.8,64.1,10,12.22,2,76.6,4.31,87,5.7,74.9,9,96,7,5,3.95,5,10,6,1,26.7,27.8,Low
351,15,Female,163.3,85.9,9,7.9,9,58.6,4.18,70.9,11.4,52.3,9,61,3,6,3.44,3,17,2,0,26.4,21.9,Low
352,15,Female,157,79.3,10,9.74,8,42.5,2.54,86.8,14.39,59.3,7,85,7,10,3.08,2,8,8,0,66.4,26.5,Low
353,14,Male,180.4,80.3,9,6.67,10,63.9,2.74,55.7,5.02,96.7,10,61,7,7,2.7,8,16,6,0,64.4,21.5,Low
354,17,Female,182.6,49.5,2,7.46,1,64.1,4.23,90.3,12.26,98.8,9,67,10,9,3.08,1,12,10,0,40.6,17.6,High
355,15,Male,169.2,88.2,4,5.51,7,42.6,5.31,62.7,11.57,87,5,98,3,7,3.91,10,15,9,0,53.7,27.2,Low
356,16,Female,149.1,73.9,7,5.87,10,78.9,5.1,62.4,12.32,62.6,5,100,2,2,3.83,6,19,10,1,47.5,29.6,Low
357,17,Female,169.5,64.5,2,14.78,6,61.8,5.45,79.5,8.55,63,8,97,9,6,3.29,2,19,5,0,70.4,25.3,Low
358,18,Male,178.9,72.2,1,7.8,6,62.4,4.08,53.5,13.2,82.3,10,92,1,9,3.31,3,7,7,0,69.6,23.9,Low
359,14,Female,160.2,43.4,3,11.8,6,60.8,4.86,51.3,5.45,55.9,4,83,7,7,2.96,8,12,6,1,71.2,22.6,Low
360,18,Male,176.8,76.1,4,13.47,6,64.4,5.02,63.1,12.55,97.4,9,97,4,2,3.18,1,17,5,0,65.6,26,Low
361,17,Male,174.8,54.6,8,10.73,10,50.6,4.44,76.9,7.67,61.2,7,82,2,3,3.57,6,6,6,0,67.7,26.2,Low
362,17,Female,180.8,49.7,6,6.95,7,51.5,3.52,95.4,9.77,100,7,98,2,8,3.1,3,10,4,1,34.4,27.2,Low
363,17,Male,176.2,47.2,2,12.42,3,60.5,3.91,92.3,13.23,74.8,3,67,8,9,2.78,6,12,3,1,63.9,17.9,High
364,18,Male,165.3,86.7,9,11.2,6,72.3,5.07,74.5,7.71,88.6,4,78,7,4,3.31,3,5,1,1,58,24.3,Low
365,17,Female,187,60.6,2,12.45,3,42,3.4,51.9,6.85,50.1,7,94,7,9,2.84,8,10,1,1,70.2,23.3,High
366,18,Male,173.4,93,5,12.81,7,64.1,5.27,76.8,11.81,94.4,5,54,5,2,3.96,5,13,6,1,51.4,18.9,Low
367,17,Male,174.7,62,4,14.77,7,72.3,3.19,85.2,10.33,63.5,3,74,10,5,3.09,4,19,9,1,28.1,21.6,Low
368,16,Male,165.7,44.4,7,10.95,8,46.3,4.75,67,10.14,83.4,1,73,8,2,3.86,9,17,8,1,52.7,23.7,Low
369,17,Female,170.6,53.3,8,8.75,2,40.6,4.39,55.6,7.57,90.3,7,78,2,1,2.84,5,14,2,1,57,22.2,Low
370,18,Male,166.2,88.5,5,11.66,9,52.5,4.75,63.9,5.35,58.2,6,87,2,5,2.78,4,14,9,1,34.6,24.9,Low
371,15,Female,173.3,67.7,10,6.15,5,63.5,3.81,88.6,9.1,72.1,10,82,5,2,3.43,8,6,8,1,42.9,25.3,Low
372,17,Female,192.1,61.8,5,14.03,9,45.5,5.3,67.6,6.07,74.7,7,59,1,7,3.67,8,15,9,0,52.7,20.2,Low
373,15,Male,161.3,72.4,2,6.63,10,57,4.4,90.6,14.06,65.6,2,86,6,8,3.35,8,17,4,1,42,24.4,Low
374,16,Male,158.9,77.5,8,8.61,5,62.1,3.36,66,5.41,74.1,4,82,4,2,2.84,4,5,9,1,42,23.9,Low
375,14,Male,189.7,86.8,2,13.25,7,64,4.42,58.2,9.32,65.9,2,72,6,7,2.56,1,6,2,1,30.4,19.9,Low
376,16,Female,172.9,91.7,10,11.17,9,51,3.36,71.8,5.52,68,8,60,7,4,3.43,2,9,1,1,69.2,22.1,Low
377,17,Male,168.3,64.6,6,9.24,4,56,3.38,72.6,5.96,83.5,7,73,3,1,2.7,4,10,9,1,60,20.9,Low
378,15,Male,185.4,50.1,8,10,2,71.1,3.7,50.8,11.59,81.6,1,73,8,3,3.01,10,5,10,0,24.1,21.4,Low
379,15,Male,168.9,63.8,6,13.62,9,77.6,5.06,55.9,11.47,61.6,2,56,7,1,3.51,2,11,8,0,60.7,19.8,Low
380,18,Male,193.3,73.9,4,8.73,2,74.5,4,59.2,5.33,94.9,2,99,1,5,2.65,10,15,7,0,59.5,24.6,Moderate
381,15,Male,181.8,55.5,4,13.76,3,62.6,4.54,55.7,5.01,93.1,4,70,6,8,2.69,3,8,8,1,24.5,19.2,Moderate
382,18,Female,170.1,55.6,6,6.34,10,56.4,3.68,67.1,5.79,75.5,3,69,7,1,2.59,9,13,1,1,41.7,21.8,Low
383,14,Female,196.6,75.2,4,12.88,2,53.3,3.29,98.2,12.63,71.7,1,59,4,9,3.99,9,19,9,0,53.1,18,Moderate
384,17,Male,168.9,69.3,8,13.55,3,45,5.36,75.5,10.85,68.8,2,74,2,3,3.08,9,19,10,1,45.7,22,Low
385,18,Male,182.4,70.5,9,7.23,6,44.3,4.31,81.4,5.38,85.4,9,96,10,5,3.86,7,19,9,1,61.3,28.5,Low
386,14,Male,178,58.6,1,9.59,3,67.5,5.3,67.8,9.88,83.6,1,85,9,9,2.94,4,10,9,0,44.4,21.2,High
387,15,Male,188,66.5,4,7.07,10,50.4,3.11,66.2,12.12,59.8,9,97,7,5,3.63,1,13,6,1,31.4,27.6,Low
388,15,Female,190.6,56.1,4,12.21,8,50.2,2.94,51.2,13.69,83.6,7,96,1,9,2.83,3,5,4,1,70.9,26,Low
389,14,Male,175.3,83.4,2,10.59,6,79.9,5.07,75,14.34,62.6,2,64,8,10,3.25,8,8,2,1,35.6,18.6,Low
390,15,Female,167.5,85.5,6,11.54,7,47.5,4.54,74.2,8.27,50.9,2,93,3,8,3.74,4,6,4,1,58.4,26.8,Low
391,14,Female,179.6,42.3,3,7.37,1,45.9,3.06,57.9,6.36,85,5,89,4,7,3.72,10,10,7,1,30.9,23,High
392,18,Male,168.2,56.1,7,7.51,3,43.9,3.31,88.2,7.37,82.2,5,89,5,1,3.69,10,19,1,1,39.8,25.2,Low
393,18,Female,195.1,47.6,5,5.89,3,63.2,4.9,74.6,12.76,70.5,4,99,1,4,3.74,2,8,9,1,45.2,26.4,Moderate
394,14,Female,176.4,60.2,4,8.56,2,65.1,3.86,66.9,14.71,76.3,10,55,6,9,2.82,8,13,3,0,33.2,16,Moderate
395,18,Female,171.3,68.7,5,10.82,7,54.6,4.51,57.3,9.66,97.4,10,86,10,10,3.22,7,18,4,0,45.6,24.5,Low
396,18,Female,176.8,48.3,8,13.65,9,61.4,3.46,77.6,8.05,79.8,3,51,6,8,3.23,10,7,5,1,31.5,19.3,Low
397,18,Male,161.5,56.2,3,11.84,4,71.5,3.64,87.6,9.29,82.9,4,61,2,4,3.84,9,5,3,1,50.8,18.4,Moderate
398,16,Male,165.3,54.9,7,9.64,5,72.7,5.47,64.1,8.05,53.2,10,53,10,1,2.95,2,15,4,0,55.9,17.8,Low
399,17,Female,187,73.1,6,14.55,3,78.3,3.24,60.9,7.56,58.3,4,72,6,10,3.9,5,17,5,0,27,21.6,Low
400,15,Male,168.4,71,1,12.33,9,73,4.02,76.1,10.94,65,2,62,8,4,3.18,6,15,1,0,65.8,18.7,Low
401,16,Male,164.5,59.2,7,14.34,4,62.6,5.03,57.8,5.16,77,5,66,6,3,3.5,2,5,9,0,32.9,20.7,Low
402,18,Male,180.4,72.7,7,10.51,5,47.2,3.22,83.3,7.6,88.8,5,80,4,6,2.9,2,16,10,0,34.8,23.2,Low
403,14,Male,186.9,61.8,1,7.96,1,44,3.75,80.3,11.61,66.1,5,65,4,5,3.12,10,13,10,0,55.7,16.8,High
404,18,Male,182.2,65.9,9,6,2,42.2,4.35,54.4,5.32,67.8,10,90,9,5,3.56,4,13,4,0,46.5,25.8,Low
405,17,Female,185,95.1,6,12.4,9,66.7,3.94,51.8,5.83,62.8,1,75,6,2,3.27,8,9,9,1,48,23.4,Low
406,18,Male,167.4,90.1,2,6.65,2,72.3,3.88,81,7.93,62.7,6,77,8,3,3.9,5,19,4,0,30.2,20.7,High
407,14,Male,160.8,50.5,5,8.38,5,60.3,3.59,64.7,13.78,97.4,2,50,8,6,3.61,9,6,1,0,62.7,17.1,Moderate
408,17,Male,190,82.4,4,10.56,8,42.2,4.26,54.3,12.65,81.8,7,96,7,2,3.35,4,13,5,0,53.6,26.6,Low
409,18,Male,171.8,82.2,7,10.86,3,61.4,4.37,88,5.22,57.8,4,61,3,4,3.83,3,17,9,1,30.5,19.7,Low
410,17,Female,172.5,52.8,8,11.21,6,77.4,4.46,65.7,10.02,86.1,5,86,10,2,3.5,10,16,3,1,42,25.7,Low
411,15,Female,188.3,82.3,1,7.08,4,63.9,2.71,73,7.75,86.1,5,99,1,9,3.47,8,17,5,1,62.9,24.9,Moderate
412,15,Female,180.6,93.1,5,9.11,7,72.4,4.39,61.8,11.49,83.3,5,69,5,3,2.87,1,12,3,0,51.3,20.8,Low
413,18,Female,179.6,53.2,3,11.36,10,72,5.36,81.4,12.22,56.7,2,51,10,10,3.09,9,17,3,0,29.2,17.5,Low
414,17,Male,196.7,56.2,1,14.71,3,77.3,4.12,65.1,13.63,70.4,5,85,10,10,3.52,4,15,1,0,41.9,21.8,High
415,14,Female,168.6,85.3,3,12.41,6,70.8,4.65,98.4,9.75,55.3,3,64,2,6,3.84,9,14,2,1,35.6,19.6,Low
416,18,Male,184.3,74.1,6,14.26,10,69.9,4.17,85.1,14.94,90.8,4,87,10,1,2.97,8,14,2,1,48.8,25.8,Low
417,15,Male,175.6,78.3,7,12.74,9,49.4,5.06,56.8,14.8,82.8,2,71,2,10,2.82,3,10,9,1,64.5,22.5,Low
418,15,Male,177.7,75.1,8,11.12,10,42.4,5.29,70.8,13.82,75.4,4,93,7,3,3.39,3,11,7,1,44.9,28.2,Low
419,18,Male,190.3,75.9,4,7.32,1,60.7,3.05,69.3,10.75,67.2,9,99,3,8,2.6,9,16,8,1,44.8,24.3,Moderate
420,17,Male,180.1,50.1,3,11.83,3,45,3.81,76.7,8.98,59.2,8,81,8,5,3.57,3,10,2,1,67.5,21.9,High
421,15,Female,180.4,85.7,5,11.42,2,78.5,3.68,92.1,8.64,55.3,3,69,9,8,3.55,4,19,9,0,51.7,20,Moderate
422,17,Female,185.7,87.5,9,11.22,8,51.6,3.72,79.2,5.12,98.5,1,85,8,2,3.03,9,19,3,1,51.2,26,Low
423,15,Female,171.4,66.6,6,10.15,7,74.1,2.88,53.1,7.49,60,1,82,6,7,3.84,4,9,10,1,36.6,24.7,Low
424,15,Female,166.6,69.3,9,10.52,2,55.5,4.94,82.8,12.19,53,6,64,5,9,3.25,3,8,2,1,53.2,20.2,Low
425,16,Male,164.6,47,6,8.68,6,52.9,2.61,50.4,11.04,98.1,3,99,3,7,3.47,7,11,1,1,51.6,27.5,Low
426,15,Female,155.3,77.7,2,10.43,3,77.4,4.08,89,14.16,77.4,4,95,3,3,2.81,6,8,9,0,43,23.5,High
427,14,Male,195.6,78.6,5,7.38,8,54.5,4.49,83.3,5.5,89.8,1,52,7,7,3.13,1,14,8,0,71.6,17.9,Low
428,18,Female,164,69.1,9,13.15,10,55.6,3.12,65.4,6.55,52.2,8,78,5,8,3.79,10,14,4,1,66.3,26,Low
429,18,Male,172.8,86.9,8,7.26,3,44.2,5.22,64.6,12.89,78.3,1,96,6,1,2.82,8,14,7,0,60,26.1,Low
430,17,Male,172.2,65,7,6.31,10,66.8,5.02,89.9,8.59,69.9,5,76,6,3,3.09,1,13,3,0,49.8,24.1,Low
431,15,Female,178.1,78.5,1,9.64,9,51.6,3.91,89.2,6.18,88.6,6,54,9,5,2.98,4,9,3,0,46.2,16.9,Low
432,14,Male,183.2,54.7,4,11.75,1,63.4,3.73,67.6,14.96,51.9,2,80,1,6,2.73,6,12,4,0,32.9,20.6,Moderate
433,17,Male,183.6,69.6,7,9.66,5,63.7,3.21,64.9,12.87,70.1,7,71,8,3,2.93,6,16,2,0,38.7,21.4,Low
434,16,Female,169.2,67.4,7,8.13,3,68.8,4.69,78,9.09,90,7,84,10,4,2.85,7,17,10,0,61.2,23.4,Low
435,17,Male,173.3,73.4,6,10.8,6,69.8,2.9,50.4,13.23,76.1,1,56,5,5,3.89,5,19,4,0,45.8,19.3,Low
436,17,Female,177.8,64.5,8,8.8,10,60.6,4.54,54.1,11.81,77.5,4,55,6,3,3.61,5,16,10,1,66.3,20.8,Low
437,15,Female,172.5,68,6,14.36,2,53.2,5.03,56.3,12.9,54.9,4,75,6,4,2.97,4,16,3,0,31.1,21,Low
438,16,Female,191.1,82.4,10,14.27,9,73.5,3.19,59.3,13.15,56.6,5,50,1,5,3.65,6,10,8,1,48.4,20.3,Low
439,17,Male,179.9,63.4,3,10.27,6,52.4,5.1,75.6,5.85,83.8,1,68,3,2,2.53,7,8,2,0,55.1,19.1,Low
440,14,Male,182.3,45.9,4,8.61,7,60.3,2.6,99.6,11.23,83.8,1,56,6,10,3.29,10,16,9,0,48.8,18.2,Low
441,14,Male,181.6,96.2,3,12.5,5,56.1,5.24,82.6,5.07,99,7,85,9,9,2.88,10,7,3,0,66.7,22.6,Moderate
442,18,Female,186.7,90.7,1,5.85,9,74.2,2.86,53.1,5.43,85.6,9,61,6,10,2.67,1,15,4,1,71.5,18,Low
443,16,Male,176.8,50.6,10,10.01,1,57.3,4.44,76.3,14.04,74.7,1,69,6,8,3.83,9,10,10,0,29.6,21.9,Low
444,16,Female,162,80.3,5,8.7,5,55.4,3.25,74.8,10.28,92.9,2,72,1,6,2.8,8,5,10,1,30.2,20.7,Moderate
445,18,Female,179,62.5,1,14.25,10,67.6,5.01,57.2,12.36,55.2,6,74,9,10,3.73,7,6,3,0,30.3,21.9,Low
446,17,Male,168.5,74,1,5.61,6,64.1,4.04,96,13.39,72.5,6,79,4,3,3.12,9,11,3,0,56.7,21.1,Low
447,16,Female,169.7,74.4,2,10.75,7,44.3,2.91,72,14.5,64.4,2,78,2,2,2.52,3,19,8,1,41.9,21,Low
448,14,Male,180.9,66.5,4,12.54,4,60.3,4.21,99.7,13.69,55.2,9,80,1,7,3.6,10,8,8,0,59.2,22.4,Moderate
449,14,Male,187.4,58.2,6,10.11,1,69.4,3.72,71,9.83,88.2,4,67,3,8,3.39,4,9,6,0,43.5,19.5,Low
450,15,Male,175.2,59.6,8,6.31,8,79.7,4.48,80.4,8.36,75.5,7,90,3,10,3.02,7,19,4,0,54.1,26.6,Low
451,16,Male,178.1,56.3,3,14.74,10,65.2,5.15,55.2,6.54,77.8,6,68,5,1,2.92,6,15,1,1,61,20.7,Low
452,17,Male,192,57.5,1,10.42,4,54.8,3.73,72.7,9,70.6,3,53,1,6,2.61,2,14,4,0,50.3,14.8,Moderate
453,18,Female,177.4,69,3,11.33,3,49,3.37,61.9,8.66,73,8,50,7,7,3.91,2,5,8,0,49.9,16,High
454,18,Female,201,59.3,3,7.75,7,74.9,2.54,91.8,10.6,55.8,7,90,1,9,3.24,10,6,6,0,28.2,24.5,Low
455,17,Female,180.7,80.2,5,10.09,2,72.6,4.22,89.2,11.66,83.6,9,64,4,3,2.63,7,8,2,1,43.7,18,Moderate
456,15,Male,157.4,92.3,4,9.58,8,49.4,3.71,91.2,14.78,71.6,3,57,6,2,3.8,9,12,3,0,50.2,19.2,Low
457,18,Male,182.5,61.3,4,6.21,6,48,3.62,86.2,12.28,90.8,1,64,1,5,2.92,9,14,7,1,46.2,19.1,Low
458,16,Male,178.8,73.6,9,6.51,7,68.6,3.05,91.6,11.44,59.8,2,64,7,10,2.81,7,8,4,0,67.2,21.3,Low
459,15,Female,187.9,77.5,7,13.46,5,52.6,3.79,60,8.35,60.3,1,99,10,1,2.92,8,18,4,0,67.5,27,Low
460,16,Male,181.7,77.1,4,7.78,9,52.3,5.45,72.6,5.35,82.3,5,88,7,6,3.35,10,7,5,1,63.5,25.3,Low
461,14,Female,173.6,71.1,3,7.35,5,46.1,3.39,84.6,7.88,92.3,10,71,3,9,2.61,3,7,8,1,42,19.5,Moderate
462,15,Female,162.8,81.1,6,10.3,5,50.6,4.3,81.9,12.68,73.6,2,67,4,10,3.22,1,16,7,1,58.4,20.5,Low
463,18,Male,172.9,77.2,3,12.8,3,57.1,4.83,85.8,7.05,86.3,3,65,6,9,3.84,7,9,9,1,43,18.9,High
464,15,Male,166.5,51.4,6,6.09,1,69.3,4.75,61.2,12.12,100,8,51,7,7,2.78,8,7,5,1,35.2,15.7,Low
465,15,Female,169.2,83,9,10.98,2,53.5,3.49,54.9,10.8,99.5,10,85,4,7,3,2,12,1,0,40.5,24.2,Low
466,15,Male,180.9,83.3,6,6.63,8,53.1,4.33,95.8,6.72,87.2,5,69,10,8,3.09,9,9,4,0,27.4,21.7,Low
467,15,Female,191.7,58.6,4,5.85,1,51.4,5.11,78,7.62,87,4,65,9,10,3.38,4,16,6,1,39.9,18.3,Moderate
468,16,Male,178.9,70.6,5,6,7,59.1,2.55,57.7,9.96,62.4,5,52,9,2,3.88,10,18,6,0,46.1,18.4,Low
469,14,Male,163,80.2,6,13.42,5,47.2,3.81,89.7,9.18,91.7,10,79,9,6,3.09,9,16,9,0,69.9,22.8,Low
470,17,Female,179.4,66.9,3,6.62,3,59.4,3.17,95.7,12.79,70.3,6,51,10,5,2.6,3,18,10,1,39,14.9,High
471,15,Male,187,86.1,8,5.93,7,68.2,3.67,58.5,12.34,98.1,7,84,6,5,3.02,8,11,5,1,67.3,25.1,Low
472,18,Female,168.9,105.5,4,9.66,9,41.2,3.75,90.9,10.75,54.1,9,75,2,3,2.79,2,15,5,1,35,22.1,Low
473,15,Male,173.7,58.2,8,13.52,2,40.4,4.74,96.7,13.22,71.8,1,54,2,3,3.48,3,12,6,0,33.2,18.1,Low
474,18,Female,175.1,49.3,10,7.99,8,43,2.78,96.9,10.63,77.8,4,51,4,6,2.54,1,9,6,1,48.9,19.1,Low
475,16,Female,167.2,74.6,10,9.51,9,61.4,4.04,95.7,14.64,70.3,9,100,9,10,2.94,5,12,3,0,56.3,29.6,Low
476,18,Male,181.5,80.8,3,5.88,3,74.2,4.19,77.3,7.17,60.5,5,69,3,10,3.32,4,16,6,1,26.1,19.2,High
477,17,Female,173.8,66.5,10,9.77,2,40.2,3.98,67.8,12.14,79.6,8,83,6,7,2.92,1,19,8,1,34.6,24.1,Low
478,14,Male,179.2,91.8,7,10.99,7,77.5,4.7,50.4,8.7,87.8,1,83,2,1,3.33,10,7,6,1,45.9,24.8,Low
479,18,Male,166.1,49.9,9,10.92,5,44.3,3.65,53,7.79,82.2,4,69,1,3,2.67,9,19,5,1,39.9,21.6,Low
480,18,Male,170.6,80.4,4,8.66,5,73.7,5.33,71.4,6.8,61.7,9,99,5,1,3.91,6,18,3,0,58.2,26.8,Moderate
481,14,Female,182.2,60.9,8,8.5,10,59.3,3.95,70,10.53,86.6,1,74,8,10,2.94,6,16,1,0,48.5,23.9,Low
482,17,Female,171.3,95.8,3,6.51,5,66.4,4.21,59.2,7.15,62.8,1,69,10,3,3.88,2,11,5,0,31.7,20.4,Moderate
483,15,Male,192.3,99.9,7,8.98,4,60.4,4.98,69.8,7,58.8,4,74,10,5,2.99,7,12,6,1,66.9,21.8,Low
484,18,Male,171,58.5,3,6.45,5,59.1,3.33,58.7,14.91,84.5,3,63,2,9,3.67,9,11,6,0,38.1,19,Moderate
485,14,Female,177.2,61.8,7,12.78,4,73.4,2.73,92.4,13.02,92.1,7,96,10,3,2.87,6,18,6,0,59.1,26.1,Low
486,16,Male,184.3,82.9,10,14.68,6,70.2,4.62,64.9,12.48,74.1,3,93,9,10,3.5,8,6,3,0,61.4,27.9,Low
487,14,Male,160.8,64.2,10,14.72,4,59.3,3.95,79.9,12.94,76.6,1,92,8,10,2.99,5,12,4,1,70.2,26.6,Low
488,16,Female,157.4,69.3,6,13.72,2,44.5,5.19,75.1,14.69,65.1,10,92,3,9,3.26,2,10,3,0,47.9,24.7,Low
489,17,Male,159.7,70.4,2,11.21,9,44.6,5.45,52.6,10.73,74.7,2,88,1,1,3.51,4,14,2,1,53.6,24.6,Low
490,15,Female,187.6,41.2,3,12.16,2,72.1,3.7,97.1,7.2,56.6,10,61,4,6,3.38,1,7,8,1,40.1,17.4,High
491,14,Male,169.5,69.8,6,8.21,9,61.2,3.75,76.4,13.62,97.8,4,97,8,9,3.36,1,8,7,0,56.6,27.9,Low
492,18,Female,200.6,59.7,4,11.49,10,59.3,3.72,66.3,12.43,90,1,54,3,5,2.6,6,11,8,0,46.2,18,Low
493,17,Male,169.4,62.6,6,9.83,6,67.2,3.47,57.9,9.14,83.4,1,51,10,10,2.87,2,7,6,1,45,17.3,Low
494,14,Male,176.8,91.7,1,10.08,9,74.4,4.85,66.9,9.74,76.9,8,65,2,2,3.36,6,5,7,1,65.1,19.5,Low
495,18,Female,190.4,51.2,10,12.7,9,65.2,4.78,51,9.11,89.6,7,79,7,5,2.53,1,10,1,1,26.4,25,Low
496,14,Male,195.1,82.2,1,8.18,3,70.5,3.94,68.2,14.3,74.7,8,96,4,1,2.88,10,7,10,0,66.3,23.4,High
497,16,Female,195.6,65.8,3,8.52,1,70.6,2.63,76.6,8.44,65,4,92,6,9,2.84,3,15,5,1,64.9,22.7,High
498,14,Male,187.1,65.8,8,14.28,1,54.3,3.43,93.6,14.63,58,6,87,5,10,2.87,9,19,4,1,48.3,23.8,Low
499,14,Female,185.2,81.9,8,6.03,3,51,3.38,84.4,14.1,82.4,3,94,2,10,3.3,2,14,10,1,47.5,26.2,Low
500,14,Female,180.9,75.1,4,10.11,5,72,4.93,55.6,11.31,96.5,8,100,10,9,3.37,8,10,3,0,41.4,26.5,Moderate
501,17,Female,182.8,78.6,6,14.17,3,55.1,2.76,57.4,10.8,57.7,4,91,2,6,3.86,6,14,2,1,71.7,25.4,Low
502,14,Female,169.5,84.5,8,11.3,9,76.1,4.92,71.4,8.7,59,3,73,9,9,3.08,6,16,9,1,29.3,23.6,Low
503,18,Male,166.8,65,7,10.69,9,42.8,4.51,59.8,5.18,71.7,4,100,10,3,3.89,7,7,8,1,52.3,29.4,Low
504,16,Male,175,60.8,7,7.87,3,42.3,4.7,51.4,6.28,90.3,6,79,2,4,3.48,5,10,10,1,56.7,23,Low
505,16,Female,173.3,53.7,4,8.76,3,77.1,3.8,90.3,12.54,64.7,7,86,8,6,3.87,4,15,2,1,68.8,23.6,Moderate
506,14,Female,170.5,57.6,9,13.59,5,65.9,4.54,51,9.72,62.7,7,88,8,4,3.75,6,8,6,0,61.4,26.4,Low
507,17,Female,182,114.2,10,10.81,2,55.2,4.33,91.5,6.5,81,4,60,1,1,3.53,8,17,3,0,54.9,20.1,Low
508,17,Male,184.6,88.7,6,10.39,6,70.2,4.81,57.2,7.64,76.8,8,63,1,7,3.03,4,8,3,1,29.6,19.8,Low
509,18,Male,175.9,49.7,3,6.45,7,66.9,3.84,98.7,14.48,53,7,72,4,5,2.86,5,14,5,1,41.9,20.6,Low
510,14,Male,189.8,50.2,5,5.65,9,61.2,3.92,80.2,8.67,54.1,2,65,2,8,2.83,7,14,7,1,30.7,20.5,Low
511,16,Male,163.6,77.2,5,14.66,6,44,4.43,86.7,14.08,82.2,8,99,1,9,3.93,6,15,7,1,66.3,27.5,Low
512,17,Female,173.1,78.2,5,9.08,3,72.5,2.82,55.5,8.05,73.3,9,70,9,5,3.94,4,6,10,1,60,20.8,Moderate
513,14,Female,167.8,78.2,8,11.23,5,74.6,3.81,93.1,10.43,98.5,5,53,3,8,3.59,4,18,1,1,60.4,18.9,Low
514,17,Female,156.3,66.2,9,6.26,4,46.9,5.42,92,5.2,83.9,4,82,1,1,3.83,10,8,7,0,55.3,25,Low
515,17,Male,174.2,68.1,9,11.99,5,74,2.61,82.6,10.22,50.5,4,96,2,1,3.88,4,15,7,1,48.3,28.2,Low
516,16,Male,173.8,74.9,6,14.36,8,75.1,3.45,75.1,11.37,74.1,4,63,8,7,3.27,1,16,6,1,31.2,20.7,Low
517,15,Male,190.1,71.3,6,10.97,8,62,3.44,86.1,7.34,70.7,6,68,5,6,3.44,5,8,6,0,39.8,21.8,Low
518,18,Female,181.3,36.7,9,6.7,6,66.2,4.4,50.3,10.79,55.3,4,54,7,5,3.13,8,15,2,0,30.6,19.3,Low
519,18,Female,164.8,66.6,4,11.03,1,55.3,2.82,79.6,11.47,96.2,7,85,6,5,3.13,7,11,3,0,58.8,22,Moderate
520,16,Male,193.5,57.2,6,12.78,8,51.3,4.39,92.4,11.87,90.3,7,80,1,9,2.56,5,9,3,0,31.7,23.4,Low
521,17,Female,187.2,72.6,4,9.36,8,68.9,2.79,67.8,12.76,61.5,5,94,6,1,3.15,3,12,3,1,57.7,26,Low
522,14,Male,180.8,114.8,1,13.86,2,74.5,2.78,55.4,8.11,62.8,5,67,7,8,3.51,1,11,2,0,57.2,17.9,High
523,17,Male,172.7,75.5,7,11.66,4,66.2,4.68,71,10.68,51.6,10,93,4,2,3.13,7,14,9,0,46,25.7,Low
524,16,Female,165.4,65.3,10,14.04,2,60.5,3.47,86.4,14.82,64.8,8,80,8,7,3.81,3,13,6,0,30.5,24.4,Low
525,18,Male,171.3,83.8,6,11.42,4,46.4,5.43,55.4,13.98,79.2,7,79,8,6,3,4,12,2,1,39.1,22.4,Low
526,17,Female,185.9,77.2,9,6.75,10,42.1,2.61,60.3,14.53,71,7,70,7,10,2.7,5,19,3,1,39.4,23.3,Low
527,18,Male,193.8,76.3,7,8.44,7,57.8,3.84,57.4,8.86,98.5,6,96,2,2,3.72,8,13,10,1,57.6,27.8,Low
528,14,Female,190.4,79.1,7,7.42,9,42,2.84,89.8,12.87,52.8,7,79,6,3,3.51,7,5,6,0,29.5,24.8,Low
529,18,Female,170.1,100.8,2,14.13,8,62.8,3.55,53.1,11.2,79.6,7,90,6,4,2.86,9,14,4,1,63.8,24.1,Low
530,18,Female,163.8,53,9,12.72,9,55.3,5.49,84.3,5.83,92.9,10,53,7,7,3.3,3,17,7,0,60.5,20.2,Low
531,15,Male,176.4,77.1,10,11.93,8,70.3,5.17,68.3,13.24,74,2,54,6,8,3.1,10,16,6,0,32.9,20.3,Low
532,15,Male,157.3,56.1,9,8.36,2,52.2,2.64,87.8,11.77,50.1,10,90,2,2,3.91,1,7,6,0,58.5,26.1,Low
533,15,Female,178.2,78.3,6,7.25,7,63.7,4.19,98.2,6.99,62.1,2,94,8,8,3.41,1,9,3,0,56.1,26.7,Low
534,18,Female,173.5,56.2,3,12.69,2,61.5,4.44,55.7,5.8,66.2,10,59,4,9,2.74,10,13,8,1,59.9,16.3,High
535,16,Male,170.3,63.7,1,10,2,40.2,3.13,65.7,13.37,98.3,7,76,9,7,3.25,1,12,9,1,33.1,19.5,High
536,18,Male,159.1,65.6,4,7.65,4,42.9,2.94,90.5,5.79,95.6,10,65,8,1,3.79,2,18,6,1,31.6,19.6,Moderate
537,16,Male,180.1,84.6,3,11.36,1,51.6,5.21,63.3,5.91,97.5,7,79,3,6,3.51,2,14,2,1,35.4,20.8,High
538,16,Female,169.7,83.8,1,5.88,5,75.3,5.41,60.8,9.27,91.3,7,62,3,8,3.76,7,11,1,0,41.6,18.1,Moderate
539,15,Male,163.3,51.3,3,8.6,6,45.9,5.48,91.3,6.35,67.6,5,85,8,5,2.88,9,6,3,0,62.1,22.9,Low
540,17,Male,146.3,70.8,4,9.95,9,68.4,4.87,99.4,14.14,95.3,1,70,2,2,3.83,8,19,3,0,59.4,22.1,Low
541,14,Female,174.7,59.4,8,6.91,10,78.9,4.49,77.8,9.7,99.1,2,94,9,5,3.63,4,15,8,0,68.4,28.6,Low
542,15,Male,192.7,51.1,9,14.85,8,71.6,3.54,63.9,10.69,67.5,9,89,4,8,3.59,2,10,5,0,26.8,27.4,Low
543,15,Male,191.6,66.7,3,7.49,2,49.7,3.01,69.9,14.28,63,8,94,6,2,3.02,3,8,1,1,24.6,23.6,High
544,17,Male,170.4,65.4,6,6.74,1,76.3,2.74,58.5,10.3,77.3,8,64,3,1,3.83,10,9,4,1,57.6,19.3,Low
545,14,Female,169,106.4,10,7.43,2,43.7,4.58,88.1,8.54,59.4,10,69,3,4,3.46,5,18,7,0,37.4,21.9,Low
546,18,Female,179.7,76.5,5,12.81,7,58.7,4.85,88.7,12.97,51.6,1,69,3,4,3.78,9,9,5,0,40,21.7,Low
547,18,Female,165,49.3,6,9.54,4,75.5,4.98,93.8,9.43,97.3,6,94,10,9,3.04,8,17,10,1,50.2,25.4,Low
548,15,Female,178,61.5,4,10.87,10,65.7,5.24,51.3,8.18,96.3,9,54,2,3,2.72,3,8,6,1,28.9,18.1,Low
549,14,Female,182.7,85.3,10,5.7,5,56.5,5.14,78.1,12.23,58.1,8,81,8,4,3,9,8,10,0,54.8,24.7,Low
550,15,Female,187.3,101.3,6,5.83,7,51.7,5.5,60.7,13.02,70.4,3,55,9,3,3.18,10,19,4,1,39.6,18.7,Low
551,16,Female,174,46.2,7,9.74,3,55,3.23,67,12.92,91.6,4,79,8,2,3.3,3,8,2,1,54.4,22.8,Low
552,15,Male,173,41.8,9,13.26,10,60.4,4.79,89.2,14.78,83.1,3,75,10,4,3.27,10,15,9,0,64,24.9,Low
553,15,Male,166.2,98.1,10,13.91,2,52.8,4.26,59.6,12.87,69.7,6,86,3,8,3.32,8,6,2,0,32.2,25.1,Low
554,18,Female,166.7,75.8,7,6.32,7,78.8,3.28,81.9,12.7,87.2,9,62,7,1,3.76,1,5,2,1,68.7,21.1,Low
555,18,Male,172.7,57,6,10.61,5,77.3,5.45,82.7,13.57,94.9,8,78,10,8,2.76,4,16,2,1,49.5,22.3,Low
556,18,Male,178.7,78,1,14.18,1,74.8,5.19,97.7,5,96.3,10,54,2,8,2.97,4,6,1,0,68.3,14.5,High
557,16,Female,184.1,30.5,2,9.19,1,56.9,2.89,88.8,8.62,68.9,4,74,4,3,3.83,6,11,3,1,34,19.7,High
558,18,Male,167,70.1,1,13.38,9,67.7,2.58,90.2,12.38,58.7,2,62,6,10,3.34,2,16,6,1,53,18.8,Low
559,14,Male,189.9,74.9,9,6.77,5,76.1,4.56,76.6,11,95.6,8,73,5,10,3.38,7,5,7,1,43.4,23.1,Low
560,17,Male,172.3,83.9,10,14.39,1,74,4.31,59.3,6.78,54.6,8,80,9,6,3.22,5,10,1,0,61.2,23.5,Low
561,14,Male,174.8,54.8,10,12.64,7,56.6,5.31,71.3,8.04,86.1,6,69,10,4,3.32,10,8,5,1,53.1,23.2,Low
562,14,Male,167.5,71.3,9,14.44,9,44.5,3.2,77.5,8.37,57,8,57,4,1,2.8,6,6,5,1,47.7,20.5,Low
563,18,Female,150.8,56.1,7,11.93,1,43,2.75,83.9,10.68,69.5,9,58,5,1,3.32,6,19,1,0,67.8,18,Low
564,17,Female,183.8,73.8,2,8.95,10,63.1,3.28,80.4,13.32,70.6,1,70,4,5,4,6,19,4,0,42.1,21.8,Low
565,17,Female,182.4,56.6,6,14.41,4,65.7,2.56,69.7,14.32,57.9,9,100,8,8,3.35,10,7,10,1,34.6,27,Low
566,17,Male,172.2,63.9,4,8.12,3,74,2.61,63.3,12.5,96.1,2,69,8,1,2.57,8,11,1,0,53.2,18.9,Moderate
567,16,Female,175.7,55.1,1,8.66,5,51.7,5.24,58.4,13.43,50.1,1,64,3,2,3.69,10,10,1,0,54,18.4,Moderate
568,18,Male,180.2,79.8,1,12.16,7,46.7,3.56,84.7,9.7,94.7,8,75,1,7,3.09,4,19,7,1,45.1,20.6,Low
569,17,Male,159.4,82.9,5,12.77,8,55.2,3.73,82.3,8.9,94.2,8,91,6,8,2.73,10,19,7,0,47.4,25.3,Low
570,16,Male,169.7,66.5,2,14.33,2,54.1,2.56,84.4,8.93,65.8,4,60,2,3,3.79,8,10,3,1,70.1,17.2,High
571,15,Male,182.9,70.6,4,7.45,7,45.3,3.31,68.6,11.16,85.2,8,86,2,8,2.8,9,12,7,1,59.2,23.7,Low
572,15,Female,162.5,48.3,1,13.08,1,66.9,4.91,63.1,6.24,62.6,7,90,3,1,3.88,4,12,3,0,29.3,22.6,High
573,16,Female,177.9,65.5,4,12.52,7,60.3,4.35,88,10.79,87.9,2,60,8,9,3.16,1,10,2,1,34.2,18.9,Low
574,16,Male,161.4,69.2,6,6.11,8,68.8,4.76,88.7,11.65,78.1,5,76,3,2,3.61,3,5,10,1,70.8,23.6,Low
575,18,Female,179.7,109.3,10,9.18,2,54.1,3.84,72.8,9.39,65,10,79,7,2,3.32,1,14,4,1,58.9,23.7,Low
576,18,Male,174.6,53.3,4,8.19,9,53,3.43,80.6,14.53,70,4,68,10,4,2.88,7,17,10,1,67.9,20.8,Low
577,15,Female,158.8,92,1,8.39,1,58.9,3.95,68.7,11.08,84.5,3,83,10,10,3.51,1,11,3,1,38.6,20.8,High
578,17,Female,186.6,85,7,14.84,6,75.1,3.47,85.1,7.2,95.3,1,87,9,3,3.94,4,12,7,0,59.6,25.9,Low
579,15,Male,167.7,74.2,2,11.61,1,41.6,5.02,91.8,9.79,56.5,5,72,8,4,3.65,1,9,1,0,58.3,19.2,High
580,17,Female,166.9,96.4,9,12.32,3,72.2,3.39,84.4,11.75,78.6,10,50,1,6,3.41,2,17,6,1,38.1,17.9,Low
581,17,Male,177,75.6,3,14.78,6,54.8,4.48,75.6,8.24,62.7,8,52,7,7,3.99,1,15,2,1,50.4,17.4,Low
582,18,Female,186.5,75.8,8,9.08,3,74.2,2.91,72.9,5.8,90.1,9,52,7,5,2.9,5,8,8,0,54.1,17.4,Low
583,14,Male,164.8,69.2,8,13.12,8,72.1,4.56,82.1,10.83,53.5,7,77,8,2,2.59,7,11,5,1,47.1,23.6,Low
584,14,Male,175.6,88.4,3,9.63,5,54,5.24,84,14.48,84.4,1,63,10,3,2.55,3,16,3,1,63.7,17.8,Moderate
585,16,Female,179.3,86.4,4,13.76,2,67.8,4.33,77.9,9.85,58.7,1,79,5,10,3.57,8,16,10,1,64,21.6,Moderate
586,18,Female,181.9,60.6,2,7.22,4,46.4,4.18,81.2,14.06,79.8,1,54,10,3,3.75,5,15,7,0,64.8,16.6,Moderate
587,17,Male,176.8,50.2,4,14.5,9,75.9,5.38,54.8,13.35,91.8,2,98,9,5,3.45,5,17,2,1,62.6,27.4,Low
588,14,Female,171.3,67,9,7.58,4,56.2,4.38,97.6,6.47,87.8,1,64,9,5,3.86,5,10,5,0,47.4,21.5,Low
589,17,Female,166.7,58,2,8.6,10,58.2,3.28,89.5,12.08,87.6,4,87,8,4,3.55,8,16,8,1,42.3,24.8,Low
590,14,Male,175.9,69,3,12.68,10,68.2,3.38,68.7,9.35,75.9,10,63,6,8,3.06,2,10,1,1,63.9,19.9,Low
591,14,Male,164.3,88.6,4,9.24,8,72.8,4.62,78.1,7.5,94.5,9,63,6,6,2.77,2,18,1,0,47.5,19.4,Low
592,14,Female,145.8,63.1,5,11.28,5,49.5,4.71,52.4,11.87,79.4,4,98,1,6,3.89,8,7,3,0,35.8,27,Moderate
593,18,Male,179.4,69.4,1,9.72,10,66.5,3.41,52.1,12.43,95.9,4,57,6,1,2.66,9,15,3,1,48.4,17.5,Low
594,15,Male,184,70.9,7,12.55,1,55.7,3.54,62.5,6.8,77.3,7,57,4,6,3.31,10,14,7,1,30.8,17.8,Low
595,17,Male,151.4,82.7,10,7.67,7,54.7,5.47,84.5,14.14,75.3,9,68,4,3,2.97,10,19,6,1,57.2,22.7,Low
596,18,Female,164.9,36.3,7,6.06,3,67.6,2.81,92.6,12.51,61.1,7,81,2,6,2.91,2,8,7,0,40.1,22.8,Low
597,18,Female,181.2,60.9,9,8.35,10,55.5,3.71,78,14.33,77.2,1,80,4,10,3.47,4,9,4,1,36.5,26.1,Low
598,18,Male,195.6,73.2,4,10.01,8,53.8,2.69,76.6,8.17,57,1,78,5,6,2.85,8,13,2,0,69.9,22.5,Low
599,18,Female,175.2,88,6,7.1,3,73.4,4.96,70.1,14.39,93.5,4,90,5,2,3.87,2,12,2,1,61.3,25.2,Low
600,18,Male,167.7,62.6,2,8.87,1,44.1,2.78,58.1,8.69,83.8,4,60,5,1,3.11,4,7,10,1,61.8,16.2,High
601,16,Female,173.2,41.9,4,9.3,5,67,4.52,55.9,5.54,99.7,1,94,4,3,3.52,10,10,1,1,53.9,25.4,Moderate
602,17,Male,188.7,79.3,2,6.05,2,49.9,2.67,88,12.63,54.6,6,62,1,5,3.59,1,14,9,1,64.3,17.4,High
603,18,Male,168.5,60.5,10,11.04,4,40.6,4.52,96.4,12.04,62,10,76,10,4,3.52,2,5,7,1,60.4,23.9,Low
604,17,Female,167,52.2,5,13.9,1,46.7,5.03,72.9,10.98,93.9,2,68,8,7,3.86,7,7,10,1,52.7,19.8,Moderate
605,16,Male,170.2,60.6,7,6.94,9,64.3,3.7,83,9.9,69.8,5,75,3,4,2.85,1,14,3,1,70.1,23.4,Low
606,16,Female,165.5,67.2,1,11.18,6,68.4,4.07,95.7,5.32,73.3,8,100,2,8,2.63,1,18,2,0,33.2,24.8,Low
607,17,Female,176.2,60.9,10,11.82,8,40.8,3.7,54.5,11.25,93,3,86,9,7,2.58,2,16,3,1,69.3,26.2,Low
608,14,Male,191.2,36.9,10,9.48,4,41.5,3.4,88.5,9.17,76.1,9,97,7,10,3.82,4,11,7,1,43.3,28.4,Low
609,15,Male,178.2,83.5,7,12.16,9,76.1,4.91,80.8,10.6,59.7,7,58,9,9,3.96,7,11,5,1,49.4,21.1,Low
610,14,Female,172.5,89.1,10,9.4,2,42.9,3.32,79.9,9.29,94.6,9,77,2,1,2.95,4,6,3,1,29.9,23,Low
611,14,Male,172.1,79.8,6,10.29,9,75.8,4.67,64.6,14.66,51.6,1,81,9,5,3.54,5,7,9,0,49.9,24.8,Low
612,14,Male,159.4,52.9,6,5.57,5,49.1,3.12,84.2,11.04,94.8,5,52,10,4,2.51,4,19,2,0,53.3,16.8,Low
613,18,Male,183.8,67,8,12.07,6,69.6,3.25,89.7,12.49,52.5,3,100,9,6,2.78,4,11,7,1,71.9,27.8,Low
614,16,Male,174.2,69.9,8,11.78,3,52.4,3.51,55.6,14.36,83.3,4,81,9,1,3.53,9,16,10,1,70.8,23.8,Low
615,14,Male,173.2,79,6,5.86,4,74.4,4.27,76.7,10.92,53.6,4,54,10,6,2.6,6,10,6,0,70.4,17,Low
616,16,Female,206.9,80,3,9,6,68,3.86,55.1,5.12,85.3,7,57,10,1,3.2,3,17,6,0,40.7,17.6,Low
617,17,Female,178,59,5,14.8,7,56.1,4.74,93.6,5.34,51.7,10,63,4,1,3.49,6,11,7,0,71.6,20.2,Low
618,15,Male,167.5,71.2,2,9.5,1,43.1,3.14,75.4,12.02,92.1,8,52,10,8,3.65,7,14,6,1,45.9,15.2,High
619,17,Male,170.7,76.9,5,10.27,7,69.3,2.53,90.4,7.79,73.3,10,73,3,2,3.18,7,13,2,0,64.9,21.9,Low
620,17,Male,186.5,91.8,9,14.14,1,64.7,4.83,68.4,10.79,54.7,5,62,6,10,3.45,8,12,5,0,34.4,19.8,Low
621,18,Female,176.1,80.6,10,12.31,5,40.1,4.96,56.3,7.02,85.3,10,92,3,6,3.31,4,10,3,1,48.3,27.2,Low
622,15,Male,160.6,81.8,1,11.03,6,40.4,2.68,52.1,7.7,74.5,7,78,9,6,2.58,1,16,9,1,70.4,20.4,Low
623,17,Female,184.2,71.3,10,13.08,2,72.4,4.33,64.1,10.05,59.5,3,57,3,6,3.61,6,18,8,1,69.5,19.6,Low
624,17,Female,168.3,91.2,5,13.71,10,50.4,3.63,62.2,14.76,50.8,3,100,2,8,2.76,8,8,10,0,56.8,27.8,Low
625,15,Female,193.7,76.1,6,9.84,9,65.4,4.88,78,11.16,70.9,3,91,8,4,2.55,5,18,2,0,62.3,25.8,Low
626,15,Male,185.8,57.1,7,10.01,10,58.2,5.12,51.1,14.36,54.3,4,80,6,3,3.18,3,17,1,0,32.5,25,Low
627,17,Female,170.5,91.1,9,9.17,6,74.5,5.05,76,14.59,54.7,6,75,8,6,3.8,4,14,4,0,58.6,24.2,Low
628,15,Male,187.8,80.5,6,14.68,7,76.7,4.83,69.6,7.08,63.4,5,67,7,4,2.73,8,13,4,1,53.7,20.6,Low
629,17,Female,175.7,63.4,5,12.12,10,79.9,3.31,78.9,8.11,81.5,8,67,3,2,2.52,6,11,10,0,28.4,20.9,Low
630,17,Male,183.5,62.8,7,6.29,8,46.1,4.94,85.1,12.7,76.5,5,56,8,6,2.66,5,9,2,1,29.4,19.1,Low
631,18,Female,179.8,74.4,1,13.7,10,74.5,4.1,81.7,13.67,53.4,5,97,10,10,3.05,9,6,7,0,29.2,25.8,Low
632,14,Male,166.5,76.9,5,10.07,1,50.6,2.66,99.2,10.19,98.4,10,87,1,5,3.37,10,13,3,0,58.8,23.1,Moderate
633,17,Female,168.6,73,2,6.15,8,63.6,3.87,56.9,14.93,94.4,2,97,1,9,2.79,3,18,7,0,30.8,25.4,Low
634,16,Male,185.3,74.7,4,10.72,4,60.2,5.33,71.5,5.12,63,5,65,10,6,3.7,7,11,7,1,46.5,19.5,Moderate
635,14,Male,171.7,95.5,7,9.46,10,40.7,5.16,71.2,8,56.1,7,82,8,3,3.63,9,13,1,0,41.1,25.8,Low
636,14,Male,171,86.1,5,13.84,8,77.3,2.81,70.9,11.23,97.1,2,100,9,5,3.54,4,15,6,1,50.4,27.9,Low
637,14,Male,165.4,72.9,6,7.44,6,43.1,4.73,83.2,9.69,73.1,6,52,10,10,3.23,10,13,4,1,57.9,17.8,Low
638,18,Female,179.2,84.1,2,13.35,9,67.5,4.92,74.5,6.17,65.6,7,87,6,8,3.05,10,14,8,1,56.9,24,Low
639,17,Female,195.6,54.5,3,10.8,4,71.4,3.31,75.9,8.68,74.5,5,53,5,9,3.06,3,9,8,1,48.7,16.1,Moderate
640,18,Male,164.3,76,7,6.02,2,71.8,3.91,71.6,5.25,88.6,9,85,2,8,3.25,1,11,3,0,46.3,23.6,Low
641,17,Female,175.2,97.1,2,14.73,2,45.4,4.63,99.6,11.43,58.4,4,53,9,3,2.62,9,9,4,0,43.1,14.6,High
642,18,Male,189.1,66.7,6,10.37,5,57.9,3.82,96.4,13.93,88.4,10,91,6,9,3.52,1,19,1,1,65.4,25.6,Low
643,18,Male,174.2,57.3,5,8.26,10,73.2,2.84,65.4,13.85,87.5,1,58,8,3,3.03,2,7,10,1,39.9,19.6,Low
644,16,Female,179.5,60.2,10,9.96,9,52.1,4.62,55.6,12,77,8,89,9,8,2.84,9,14,2,0,36.4,27.3,Low
645,18,Male,164.4,53.7,1,13.65,3,58.7,5.23,92,9.66,93.3,8,100,9,10,2.92,5,12,7,0,59.7,24.2,High
646,15,Male,179.3,58.2,10,8.4,8,50.9,4.46,99.9,10.12,56.6,7,66,8,9,2.77,4,12,7,1,41.3,22.4,Low
647,16,Female,173.1,64.4,4,7.33,4,58.5,4.82,64.6,6.37,79.8,8,66,10,7,3.85,9,13,9,0,64.7,19.8,Moderate
648,18,Male,184.9,48.9,2,6.73,6,75.5,3.58,67.9,8.41,72.5,2,82,8,4,2.75,9,15,10,0,39.7,21.8,Low
649,14,Male,186.9,70.2,4,8.33,10,58.2,3.05,97.1,6.88,71.1,3,69,3,10,3.82,2,18,9,0,57.7,22.2,Low
650,15,Male,200.9,83.5,1,12.91,6,62.2,4.43,85.6,13.21,62.6,9,63,3,9,3.36,3,16,9,1,26.2,18.2,Low
651,15,Male,180.8,56.4,2,9.98,3,56.2,3.48,64.8,14.15,68.6,1,71,2,3,3.8,3,10,6,1,42.5,19.7,High
652,15,Female,178.3,92.8,8,7.66,5,58.4,5.08,79.1,10.37,55.4,8,76,1,3,3.21,5,6,8,1,40.5,23.1,Low
653,16,Female,176.9,77.7,6,7.08,3,40.6,2.87,97.2,12.28,62.6,8,92,4,2,3.89,3,7,9,1,63.2,25.6,Low
654,18,Female,171.5,85.5,2,8.66,1,51.3,3.8,90.6,6.21,63.6,7,52,2,10,2.82,10,17,7,1,70.4,14.3,High
655,18,Male,178.4,60.1,6,14.43,7,57.5,3.69,87.1,11.09,86,5,73,2,3,3.33,6,15,4,0,46.1,22.4,Low
656,14,Male,172,82.8,10,8.76,4,65.4,5.31,86.8,12.03,52.4,4,79,5,1,2.69,2,16,4,0,63.6,23.7,Low
657,14,Female,176.7,53.6,9,14.89,7,58,2.96,58.9,9.53,82.6,10,57,4,4,3.17,6,14,6,0,57.6,20.3,Low
658,15,Male,188.2,83.4,7,10.11,3,53.5,2.53,91.2,7.43,61.1,10,71,1,8,3.35,6,15,4,1,70.4,21.3,Low
659,14,Male,164.9,72.6,9,7.2,5,55.5,3.21,63.8,13.77,54.1,10,74,9,5,3.41,2,19,7,0,62.9,23.3,Low
660,16,Male,186.4,78.3,5,13.97,5,49.7,4.96,96.5,12.43,65,10,59,4,2,3.05,6,10,8,1,27.7,18.4,Moderate
661,18,Male,188.2,52.4,7,9.87,2,77,3.13,68.2,14,61.2,6,98,5,3,2.61,6,5,8,1,58.2,25.6,Low
662,15,Female,173.8,56.6,7,12.24,10,60.9,3.22,92.9,13.18,77.6,1,78,7,1,3.48,6,18,8,1,49.7,24.9,Low
663,14,Female,153.8,79,3,14.85,2,40.5,2.89,63.3,14.9,67.9,5,89,2,2,3.23,5,6,2,1,24.8,22.8,High
664,16,Female,168.9,55.8,7,5.98,4,40.8,4.65,75.7,6.92,98.3,4,50,8,1,2.71,7,12,10,1,36.1,16.7,Low
665,16,Male,188,76.9,1,6.42,4,78.9,2.71,55.3,5.87,98.2,4,70,2,2,3.9,5,15,2,1,68.2,19.5,Moderate
666,14,Female,174.8,49.5,9,12.34,4,48.9,3.49,83,8.37,72.2,7,88,10,3,3.93,1,12,2,0,68.5,26.3,Low
667,18,Female,165,82.7,10,8.18,6,72.2,3.35,91.8,6.29,89.8,9,73,5,1,3.78,9,10,2,1,62.3,24.2,Low
668,14,Male,170,51.5,6,7.25,2,42.3,4.17,85.9,10.23,50.7,8,58,2,9,3.77,3,7,4,0,71.1,18.4,Low
669,15,Male,183.4,78.3,5,5.87,6,76.8,4.69,76.2,11.33,77.4,8,93,2,10,2.65,2,18,5,1,62.7,25.1,Low
670,14,Female,180.5,79.4,7,5.71,7,75,4.1,52.3,10.78,87.2,5,75,4,5,3.99,10,6,4,0,24.5,23.9,Low
671,16,Female,172.6,59.5,5,12.86,10,62.8,5.29,96.7,7.59,60.8,6,58,4,8,3.1,6,17,5,1,37.8,19.7,Low
672,14,Female,171.3,78.7,10,6.78,3,40.4,5.35,85.3,14.09,53.1,2,69,8,5,2.74,8,10,4,1,25.5,21.4,Low
673,18,Female,171.1,73.9,5,9.94,8,50.3,3.58,87.3,5.21,57.8,3,84,6,8,3.72,2,5,7,0,28.5,24.9,Low
674,17,Male,165.8,61.9,10,11.26,2,56.3,4.83,89.7,8.48,72.1,5,85,10,7,2.84,4,18,10,1,34.5,24.4,Low
675,14,Female,191.2,54.9,7,9.57,8,58.4,4.72,87.4,12.19,75.3,2,91,8,4,3.29,2,14,1,1,48.2,26.7,Low
676,18,Female,171.8,40.6,10,5.76,5,51.9,5.18,72.1,12.67,69,3,85,7,7,2.69,9,10,1,0,64.7,25.2,Low
677,18,Male,187.2,75.2,7,12.94,2,41.3,3.84,86.7,9.16,72,4,58,10,6,3.21,10,13,2,0,65.4,18.2,Low
678,16,Female,190.2,46.5,3,5.6,7,63.6,4.09,81.3,5.17,73.5,6,71,4,3,3.34,2,11,1,1,53.6,20.8,Low
679,18,Male,185,71.4,3,12.74,2,61,3.75,92.7,11.18,88.5,5,50,2,9,3.17,10,13,10,0,68.6,15,High
680,18,Male,170.7,66,10,13.99,6,51.3,5.05,90.1,5.63,55.3,10,54,9,10,2.6,2,6,10,0,48,19.2,Low
681,18,Male,179,80.2,3,9.61,10,41.5,3.19,52.1,6.08,88.4,4,58,2,9,3.23,5,15,3,1,66.7,19,Low
682,18,Female,174.8,65.5,6,10.59,3,79.8,3.22,68.9,11.5,84.4,2,86,1,5,3.2,5,18,6,0,45.8,23.7,Low
683,15,Female,166,65.1,6,10.03,9,59.3,3.62,51.7,8.12,87.1,5,87,8,8,2.89,7,9,10,1,37.3,25.4,Low
684,15,Male,178.2,81,3,9.2,3,70.2,3.19,55.1,8.48,86.7,5,68,10,7,3.88,1,13,6,0,68,19.6,High
685,16,Female,163.2,75,3,13.93,3,58.1,4.18,80.1,9.87,73.5,7,57,9,9,3.13,2,11,1,1,42.6,16.6,High
686,14,Female,186.9,74.7,8,13.99,5,41.7,2.9,93.7,14.79,60.6,1,91,1,7,3.8,6,13,6,1,48.2,26.7,Low
687,18,Male,170.4,77,8,8.69,7,52.4,3.46,56,14.65,76.8,4,92,7,4,2.66,2,18,5,1,39.8,26.4,Low
688,14,Male,177,47,7,11.34,8,52.8,5.24,72.6,9.16,97.9,5,81,2,4,2.98,4,15,7,0,55.8,24.4,Low
689,14,Female,177.8,81.4,10,14.31,7,73.5,3.73,95.5,7.65,79.4,8,62,6,8,2.76,10,10,6,1,71.8,21.3,Low
690,16,Male,172.4,79.2,4,14.64,9,66.2,4.74,90.7,8.03,50.6,8,69,5,6,3.11,6,19,7,0,25.2,21.2,Low
691,18,Female,180.9,54.7,4,10.34,5,51,2.84,76,7.69,53,1,85,1,9,2.67,7,11,2,1,67.2,22.8,Moderate
692,18,Female,170.3,66.3,3,9.8,10,78.7,3.24,88.6,10.32,99.6,5,92,2,10,3.16,10,14,1,1,24.2,25.8,Low
693,17,Female,183.7,69.4,5,8.15,3,52.9,4.92,76.1,11.07,53.6,10,93,2,7,3.03,5,9,7,1,41.5,24.5,Moderate
694,14,Female,161.5,68,3,14.61,6,79.9,4.79,57.9,9.89,52.3,1,86,10,7,2.83,8,10,9,0,32.1,23,Low
695,14,Male,176.3,75,8,6.86,5,79.8,3.66,56.2,9.08,67.7,1,79,10,4,3.46,6,5,2,1,60.4,24,Low
696,15,Male,194.4,91.5,7,11.01,4,47.6,5.36,59.4,7.11,98.5,2,59,6,3,3.93,5,5,7,1,26.4,19.7,Low
697,17,Male,165,86.2,3,8.18,2,52.5,5.23,67.5,9.83,65.9,2,80,1,8,2.81,4,6,3,0,50.6,20.6,High
698,15,Male,168.2,50.3,9,8.15,7,59.4,5.39,96.5,8.41,70.5,9,74,4,7,3.57,6,15,6,1,38.2,24.1,Low
699,15,Female,180.1,79.3,5,9.35,5,66.6,3.78,90,10.42,81.7,4,78,10,4,3.61,6,18,3,1,30.4,22.7,Moderate
700,15,Female,176.8,89.9,9,14.99,4,61.1,3.09,71.6,11.75,51.2,3,73,5,4,3.25,6,8,10,0,61,22.7,Low
701,16,Male,178.5,75.8,7,6.02,8,78.8,4.38,74.7,11.33,94.9,1,88,2,1,3.85,1,15,5,0,34.4,26.6,Low
702,16,Female,179.9,86.4,7,11,9,69,4.55,63.3,9.62,76,2,70,2,7,3.95,6,13,2,0,34.7,23.4,Low
703,15,Female,181.3,100.2,6,6.28,9,48.5,2.88,85.2,10.56,73.3,6,90,7,1,3.04,1,11,8,1,37.2,26.1,Low
704,17,Female,186.1,85.4,2,6.97,3,44.2,4.86,90.1,7.85,93,9,58,7,10,3.48,5,10,8,0,52.2,16.8,High
705,14,Male,179.1,73.7,9,9.68,3,67.5,2.55,61.9,5.24,97.7,5,91,6,10,3.49,7,19,7,1,55.7,26.2,Low
706,17,Male,172.6,85.7,6,10.35,5,46.3,3.95,52.1,11.25,71.2,4,91,1,4,3.11,1,5,6,1,24.8,25.2,Low
707,18,Male,181.7,72.2,8,7.96,5,71.5,3.49,81.2,7.53,58.6,5,51,3,3,2.98,1,9,1,0,35.6,17.9,Low
708,16,Female,194,70.4,1,8.51,10,52.4,4.72,78.1,11.69,90.8,9,53,9,3,3.9,6,15,8,0,44.7,17.9,Low
709,14,Male,173.7,64.7,5,6.33,2,53.1,3.44,70.1,12.47,70.2,7,57,10,1,3.68,7,16,1,1,39.9,17.7,Moderate
710,14,Male,165.3,93.5,1,8.38,1,40.4,4.98,82.2,14.16,96.8,8,81,1,4,2.67,6,17,8,0,66.4,19.6,High
711,18,Male,186.1,57.7,10,14.68,8,68,4.28,77.5,14.58,97.5,4,63,2,1,2.68,5,8,2,0,61.8,21.7,Low
712,18,Male,173.8,93,8,14.47,3,44.5,4.88,62.5,5.11,55.7,8,98,8,8,3.88,6,9,8,1,54,27.6,Low
713,15,Male,153.3,77.5,8,8.68,1,70.9,5.47,69.9,14.9,97.8,6,62,7,1,2.62,3,15,10,0,40.2,18.5,Low
714,16,Male,183.5,49,1,10.92,1,59.7,4.54,71.4,11.83,68.4,5,70,9,6,3.53,9,13,4,0,57.6,18.2,High
715,16,Female,169.6,75.5,9,14.14,2,71.4,5.45,94,11.44,82.3,7,73,10,7,2.84,5,16,7,0,64.5,21.6,Low
716,17,Female,174.1,38.5,2,5.56,6,63.4,2.59,98,5.15,51.7,6,99,4,10,2.55,2,7,5,1,52.6,25,Low
717,15,Male,178.3,79.4,9,13.2,6,43.3,3.51,94.7,13.61,94.4,3,67,4,2,2.59,10,8,8,0,61.7,21.4,Low
718,15,Male,176.9,83.3,1,14.51,3,70.6,2.82,86,6.45,82.1,5,94,7,4,3.06,10,12,6,0,60,23.2,High
719,15,Female,182.1,61.1,10,6.37,4,42.8,3.29,79.2,13.37,82.2,9,89,1,3,2.62,7,7,5,1,51.4,25.6,Low
720,15,Female,170.6,71.9,9,7.03,2,59.1,5.02,84.5,5.16,95.1,7,75,10,9,3.39,3,17,1,1,39,22.6,Low
721,16,Male,180.1,99.3,4,14.63,2,46.9,2.6,97,11.46,75.4,4,81,9,7,3.47,1,7,3,1,59.8,21.9,Moderate
722,16,Male,172.4,62.4,9,10.61,7,70.1,4.06,62.5,9.35,70.5,7,93,2,2,3.06,3,17,10,1,33.9,27.4,Low
723,15,Male,182.4,54.1,7,5.63,1,76.5,4.2,76.8,7.01,93.3,5,82,1,6,3.61,9,13,9,0,61.4,23.1,Low
724,17,Male,181.2,92.2,6,7.95,7,62.2,4.18,84.5,6.08,87.1,2,80,7,9,3.24,5,9,9,1,62.6,23.7,Low
725,14,Female,165.6,99.4,5,9.77,1,61.1,3.93,84,9.4,97.4,6,67,6,3,3.15,7,14,5,1,63.5,18.8,Moderate
726,14,Male,185.9,70.1,9,12.08,6,70.6,4.87,62.6,6.23,97,7,84,3,6,3.11,3,5,3,0,46.7,25.3,Low
727,17,Male,169.6,85.2,2,12.47,3,40.2,2.9,79.3,9.86,69.1,8,61,1,3,3.15,4,11,6,1,33.2,17,High
728,15,Male,183.1,90.1,2,14.96,8,76.7,3.43,89.8,11.25,72.3,6,100,5,3,3.95,1,11,5,1,28.8,27.2,Low
729,16,Male,178.7,58.9,9,8.23,6,47.9,4.35,73.8,13.27,62.8,8,74,10,4,3.52,3,19,1,0,59.7,23.7,Low
730,14,Female,193.4,62.7,3,10.61,2,79.4,4.57,89.7,11.79,83,7,94,4,9,2.97,7,10,2,1,66.5,23.6,High
731,18,Female,172.8,88.5,8,10.57,8,69.5,3.71,68,5.65,68.2,2,80,5,8,3.6,4,10,5,1,55.2,25.2,Low
732,18,Female,171.5,95.3,9,9.35,5,71,5.13,96.9,8.07,89.3,6,59,1,1,3,2,7,9,0,30.9,19.9,Low
733,17,Male,174.8,78.4,8,7.11,8,66.2,3.75,76.7,7.88,56.1,9,96,1,1,2.69,5,7,4,0,68.9,27.5,Low
734,15,Male,172,56.8,4,14.79,8,58.9,3.71,79.8,14.15,55.8,6,83,5,7,3.21,5,14,9,0,71.5,23.8,Low
735,14,Female,183,99.8,1,13.61,6,62.9,2.61,51.6,13.68,60.2,4,100,6,3,3.63,2,15,3,0,44.8,25.8,Low
736,15,Male,158.8,62,4,10.23,2,41.9,4.15,58.5,8.7,54.2,7,52,5,7,3.07,6,13,1,0,52.6,15.7,Moderate
737,14,Male,164.5,65,9,11.23,8,65,4.63,81.6,5.71,81,3,95,2,9,3.8,10,5,6,0,61.3,28.8,Low
738,17,Female,164.3,75.1,2,7.66,6,65,2.84,71,13.94,57.4,5,88,9,3,3.08,4,11,10,0,59.3,23.3,Low
739,17,Female,184.5,93.3,3,10.67,6,75.6,3.42,75.4,13.88,58,1,57,5,3,3.02,1,17,7,0,70.5,17.4,Low
740,18,Female,192.1,82.8,10,12.1,8,60.2,4.84,53.1,13.55,50.7,10,81,5,2,4,3,16,4,0,29.5,26.6,Low
741,15,Female,174,76.2,8,10.39,1,43.1,3.6,91.7,13.45,89.1,3,92,10,10,3.22,9,15,10,0,51.9,25.1,Low
742,18,Male,173.3,76.9,6,14.91,2,52.2,3.22,89.2,9.8,90.6,8,78,9,1,3.71,10,14,5,0,57.2,22.3,Low
743,15,Male,175.7,70.7,8,11.31,9,66.2,4.52,59.3,6.77,58.1,9,71,3,9,3.71,7,11,4,0,66.7,23.8,Low
744,18,Female,186.6,78.4,7,9.02,8,49.6,3.09,81.7,9.77,87,9,69,5,6,3.89,6,12,3,1,66,22.9,Low
745,16,Male,165.7,32.1,5,12.84,7,51.2,5.19,90.9,9.95,71.7,10,55,5,6,2.63,1,10,1,0,70.9,17.7,Low
746,16,Female,177.4,65.6,9,7.12,7,72.8,2.82,82,9.9,62,2,92,2,8,2.91,9,12,6,0,48.6,27,Low
747,16,Female,184.8,73.6,4,9.15,5,63.4,4.62,65.5,10.39,81.1,4,98,4,5,3.65,9,5,10,0,63.9,26.4,Moderate
748,16,Male,180,52.7,6,8.8,2,60.3,4,82.8,7.58,58.9,5,78,2,9,3.34,1,5,5,0,44.5,21.9,Low
749,14,Female,176.9,75.8,2,9.6,6,52.7,5.11,60.5,8.66,87.8,3,91,5,5,3.34,6,13,1,0,44.3,24.1,Low
750,16,Male,185,66.9,2,12.93,10,69.2,2.88,65.9,9.34,52.4,1,66,10,2,2.75,7,16,5,1,36.2,19.8,Low
751,17,Male,148,96.3,2,10.1,3,51.5,4.53,62,6.31,98,6,80,2,6,2.92,2,8,6,1,63.3,20.6,High
752,17,Male,181.8,93.6,10,13.04,4,69.5,4.22,77.8,9.55,53.6,10,83,10,9,3.28,10,7,10,1,71.3,25.1,Low
753,14,Male,168.5,63,7,10.98,10,42.8,3.94,55.4,13.1,79,2,87,9,3,2.92,8,10,5,1,36.3,26.1,Low
754,16,Female,156.7,67.7,2,8.75,2,74.6,3.97,96.7,13.28,95.1,9,86,10,10,2.82,8,14,1,0,26.7,21.4,High
755,16,Male,180.1,68.9,2,13.19,2,60,4.67,66.7,9.12,50.6,1,53,6,4,2.63,6,16,5,1,63.1,14.6,High
756,16,Female,188.7,63.2,9,7.76,8,57.5,5.31,60.9,10.19,74.9,9,51,8,10,2.73,9,17,10,1,53.8,18.9,Low
757,18,Female,173.6,72.9,7,7.63,8,64.4,2.77,74.8,5.34,67.5,7,61,9,8,3.65,3,16,1,0,70.1,21,Low
758,15,Female,184.5,58.6,3,10.29,10,65,2.56,63.8,11.74,79,10,84,8,6,3.58,2,13,3,1,36.1,24.6,Low
759,18,Female,191.1,53,3,7.98,6,45.3,4.92,76.7,9.05,61.3,2,55,5,7,2.57,2,14,2,1,27.4,16.6,Low
760,15,Male,188.1,79.3,7,5.59,5,70.2,2.82,67.4,9.45,53.2,6,95,5,7,2.8,6,15,1,0,47.6,26.1,Low
761,16,Male,191.4,79.4,5,11.66,8,51,5.46,56.6,13.74,81.3,8,57,6,4,3.34,7,8,4,0,28.1,19.1,Low
762,16,Female,182.4,57.9,10,10.36,4,76.2,4.36,63.3,9.62,70.8,2,70,1,6,2.98,6,13,2,1,36.6,22.2,Low
763,18,Female,175.8,83.4,6,9.73,4,72.7,4.45,71.9,5.21,81.1,5,95,8,9,3.73,3,19,5,0,30,26.3,Low
764,18,Male,159,60.5,8,14.69,5,53.9,3.1,51.5,7.27,60.5,6,84,2,3,3.68,5,9,10,1,34.8,25.2,Low
765,15,Female,172.5,73.8,9,10.93,1,72.3,3.22,88.5,9.76,66.9,3,97,6,8,3.84,8,17,1,0,29.1,27.1,Low
766,17,Male,166.6,82.3,1,13.7,1,54.3,4.48,81.1,9.24,78.1,2,64,9,7,3.34,6,11,10,1,69.8,16.8,High
767,15,Female,196.7,69.5,3,6.82,2,44,5.23,80.1,13.6,79.7,6,56,3,4,3.03,2,7,1,1,37.4,16,High
768,18,Male,173.2,76.8,7,10.91,8,78.5,5.45,77.3,10.42,68.6,3,64,2,10,3.41,7,7,10,1,45.3,21.4,Low
769,18,Female,176.2,62.3,6,13.75,7,66.1,3.09,79.5,11.9,64,2,94,10,3,2.63,8,16,4,0,67.1,25.9,Low
770,14,Female,180.5,67.1,7,11.04,10,58.2,2.9,96.7,9.69,63.7,1,55,5,7,2.51,4,7,7,0,56.5,19.3,Low
771,18,Male,175.4,66.9,8,12.32,9,55.9,2.67,50.4,9.4,58.7,8,96,9,10,2.53,1,12,2,1,53.7,27.6,Low
772,14,Female,192,58.8,6,9.03,5,53,5.1,52.4,9.46,66.3,1,66,6,9,3.11,2,18,2,0,57.9,20.2,Low
773,17,Female,168.8,67.3,3,6.38,2,79.3,3.38,59.6,9.11,60,5,53,8,10,2.84,4,10,1,0,63.8,15.2,High
774,15,Male,176.9,46.8,2,9.85,7,45.4,2.51,58.4,10.39,81.7,6,71,8,3,2.74,7,13,5,1,66.1,19.8,Low
775,15,Female,167.6,62.6,7,9.25,8,52.6,3.17,59.1,7.5,78.5,3,81,7,10,3.42,2,13,6,0,54.8,24.8,Low
776,14,Male,161.8,65.7,1,13.74,7,59.4,3.52,83.6,13.91,69.1,7,71,5,9,3.99,6,12,6,0,66.7,20.7,Low
777,15,Male,168.9,66.2,3,7.82,7,59.1,5.47,73,8.33,66.3,2,76,2,8,2.77,2,5,2,1,49.7,21.3,Low
778,18,Female,174.6,66.4,4,14.68,5,58.9,4.07,99.6,6.48,61.9,7,95,10,3,3.32,7,10,7,1,37.3,25.4,Moderate
779,16,Female,170.7,69.1,1,14.6,2,47,3.11,61.3,5.97,76.8,2,64,10,8,2.68,2,8,6,0,66.2,16.5,High
780,14,Female,168.1,77.2,5,7.85,6,45.8,3.5,65.5,5.13,95.9,5,93,5,4,3.9,3,8,8,0,50,26.3,Low
781,15,Female,160.9,83.1,10,8.81,4,50.2,3.49,99.2,9.23,84.3,7,100,7,6,2.94,9,7,6,0,67.5,28.1,Low
782,14,Female,174.2,60.3,3,14.01,10,76.6,2.56,91.6,6.88,87.2,3,71,7,10,3.82,4,16,9,1,25.9,22.2,Low
783,14,Female,160,52,2,14.68,2,44.5,2.91,73.5,5.22,91.7,4,77,2,2,2.92,5,13,10,0,43.1,19.7,High
784,16,Female,182.6,54.4,3,9.71,9,70.3,4.59,77.7,10.2,67.6,1,91,7,8,3.71,9,6,2,0,69.5,25.8,Low
785,18,Male,175.8,62.7,8,8.55,7,70.3,2.86,92.2,11.8,53.1,3,87,6,9,2.81,7,5,7,0,36,25.5,Low
786,14,Female,160.4,64.7,6,10.5,6,72.4,3.19,74,5.86,81.1,9,58,7,7,2.94,8,18,5,0,69.2,18.7,Low
787,15,Male,171.9,58.5,7,12.03,5,75.5,3.55,60.3,9.61,59.4,10,83,8,8,2.79,3,19,1,0,69.8,23.7,Low
788,17,Female,167.5,50.6,6,8.1,3,50.5,4.77,91.4,12.44,78.5,5,85,4,7,2.9,4,14,3,0,66.3,23.2,Low
789,14,Female,178.2,63.2,6,12.5,10,49,4.25,76.9,14.86,87,8,58,1,10,3.75,7,7,4,1,51.1,20.8,Low
790,14,Male,188.4,72.7,3,5.99,10,58.6,4.57,57.7,11.67,89.2,2,64,8,4,3.46,4,17,2,1,55.1,20.5,Low
791,16,Female,156.2,78.9,8,5.97,4,50.6,4.2,75.3,7.45,65.1,3,94,8,1,3.11,2,19,7,1,65.7,26.3,Low
792,18,Female,176.2,61.6,7,9.17,3,69.4,4.55,70.7,12.17,75.6,7,69,3,3,3.96,10,8,1,0,61.2,21.5,Low
793,17,Male,173.4,63.8,7,8.86,8,65.4,2.51,93.8,10.98,81,10,57,3,7,3.2,6,8,3,0,54.2,19.8,Low
794,15,Female,181.7,56.1,6,8.5,3,75,5.29,56.3,7.12,91,4,77,5,7,3.95,9,10,9,1,71.1,22.6,Low
795,17,Female,177.1,69.5,5,10.16,7,43.3,2.83,93.8,13.51,88.1,9,100,3,3,2.79,2,5,2,1,56.9,26.9,Low
796,15,Female,167.5,57.3,10,8.55,7,76.6,3.72,75.6,9.27,99.4,7,68,5,1,3.86,1,5,5,1,70.8,23.6,Low
797,18,Male,171.8,78.6,8,7.33,7,51.7,4.81,70.2,14.62,50.4,1,65,8,10,2.52,8,6,4,1,26.8,20.8,Low
798,15,Female,167,43.2,5,8.44,7,59.6,3.81,58.1,12.23,71.9,4,60,1,9,3.32,1,8,3,1,30.7,19.4,Low
799,16,Female,185.8,64.6,9,14.76,2,57.5,5.34,85,11.45,62.8,10,91,2,6,3.13,1,11,5,0,45.7,25.5,Low
800,16,Female,175.2,74.5,9,9.41,10,70.4,3.9,96.3,12.28,56,6,57,2,7,3.29,3,10,6,0,42.5,21.3,Low
801,16,Female,194,72.8,1,9.72,3,56.8,5.12,68.8,9.78,95.6,6,82,4,1,3.33,5,19,1,0,61.6,21,High
802,16,Male,174.4,110.4,6,10.98,10,77.7,4.93,62.1,10.05,99.9,10,59,9,1,3.08,9,15,2,0,31.7,20.3,Low
803,17,Male,167.9,75.2,7,14.84,9,76.1,5.44,77.7,13.51,59,6,67,2,4,4,10,13,1,0,70.9,22.9,Low
804,18,Female,159.9,54.9,3,7.8,3,74.9,5.28,89.8,11.81,51.9,5,84,9,7,3.96,2,11,3,1,39.1,22.9,High
805,15,Female,157,68.6,7,11.97,2,42.9,5.19,50.2,13.97,63.8,3,92,7,8,3.94,1,16,8,1,44.6,25.7,Low
806,15,Male,159.2,43.4,7,12.3,9,74.2,4.69,81.6,13.91,91.7,2,99,10,10,3.97,1,9,8,0,37.2,29.3,Low
807,16,Male,177.7,68.8,2,11.27,10,71.3,3.6,79.8,14.76,64.7,3,52,8,9,3.69,8,10,4,1,51.8,17.9,Low
808,16,Female,180.1,57.5,7,6.34,9,44.1,2.82,65.9,12,52.8,9,89,1,1,3.98,10,14,6,0,26.8,27.3,Low
809,14,Male,159.2,83.7,1,11.93,4,44.3,4.57,72.6,10.02,52.6,3,76,5,4,3.84,10,13,9,0,31.2,20.6,Moderate
810,18,Female,184,61.8,5,6.11,9,44,5.44,62.3,6.66,71.4,3,77,9,4,3.12,10,5,7,1,59.8,23.2,Low
811,17,Male,170.2,68.2,9,11.16,3,40.5,4.68,89.5,12.05,96.6,1,95,4,3,3.68,2,15,2,0,33,27.2,Low
812,15,Male,176.5,60.5,7,12.53,7,61.9,5.29,81.7,7.92,64.3,2,55,2,7,3.87,9,13,2,0,35.3,19.8,Low
813,14,Male,191.1,96.1,7,7.5,7,78.9,4.91,76.6,7.83,71.4,3,96,6,1,3.57,9,10,3,0,62.1,27.7,Low
814,14,Male,184,65.2,2,13.5,8,57.5,2.99,69.6,7.38,55.1,2,63,2,9,3.13,2,16,8,1,28.5,18.9,Low
815,15,Female,172.3,97.5,8,5.79,10,61.6,3.25,64.6,13.75,74.7,8,56,3,8,2.6,3,8,10,1,45,20,Low
816,17,Male,166.1,82.2,3,13.52,4,78.7,3.53,91.1,13.68,84.8,6,59,8,2,3.71,2,16,9,0,25.1,17.9,Moderate
817,14,Male,153.5,77.2,8,9.87,3,50.2,3,72.6,11.31,63.6,7,64,3,2,3.93,6,9,3,0,40.6,20.8,Low
818,14,Female,167.8,75.5,3,7.57,3,74.3,4.24,75.1,9.73,64.8,1,80,2,8,3.04,7,17,9,1,57.6,21.1,High
819,18,Male,172.9,75.9,10,6.77,5,61.9,5.43,76,11.72,92.1,6,78,6,1,2.73,6,5,10,1,28.3,23.8,Low
820,17,Male,165.1,41.1,7,14.56,1,62.8,4.78,72.4,11.07,50.5,2,91,3,7,2.99,3,11,8,1,66.6,24.3,Low
821,14,Female,173.7,65.8,2,6.19,10,53.7,3.77,62.8,9.16,81.8,6,66,1,9,3.37,3,17,5,1,67.7,20.4,Low
822,17,Male,175.8,82.7,4,7.39,3,62.5,2.51,56,8.8,69.7,3,100,3,3,2.98,2,19,10,0,29,25.5,Moderate
823,15,Female,172.8,69.3,6,8.8,6,42.9,3.44,54.9,8.83,64.9,7,78,6,7,3.42,2,19,3,0,71.6,23.2,Low
824,16,Female,168.5,48.9,9,11.39,3,70.6,4.08,87.9,10.89,82.9,3,98,3,6,3.95,5,17,7,0,38.3,28,Low
825,14,Female,176.7,69.2,5,10.68,5,51.4,3.47,61.2,11.48,91.7,9,93,9,7,3.51,8,12,9,1,28,25.6,Moderate
826,18,Female,179.4,95.6,9,6.69,9,75.5,2.83,52.8,9.52,77.9,3,64,7,7,3.04,6,15,6,1,24.2,22.1,Low
827,15,Male,164.1,88.7,5,8.25,2,54.7,3.83,89.9,14.69,51.6,7,75,5,10,3.9,9,9,3,0,43.6,21.5,Moderate
828,17,Female,189.1,69.1,10,7.77,2,45.7,3.26,57.7,5.84,73.1,4,61,2,1,3.35,5,6,5,1,54.2,20.2,Low
829,15,Male,174,84.3,8,7.53,6,67.8,5.23,81.3,8.47,73.1,8,74,9,3,2.69,10,12,7,0,39.9,22.5,Low
830,14,Male,175.2,64.5,1,9.41,6,46.6,2.81,66.9,9.19,77.2,2,90,5,10,3.25,4,14,8,1,64.2,23.4,Low
831,17,Male,182.1,44.4,7,12.19,8,70.1,2.65,56.3,5.17,83.5,8,54,7,1,3.48,9,11,4,0,58.4,19.5,Low
832,16,Male,177.3,56.1,4,7.57,2,78.7,2.52,70.7,8.65,51,9,53,9,5,3.76,10,14,2,0,40.8,16.6,Moderate
833,15,Male,184.5,93.4,5,8.98,9,71.2,3.48,50.7,7.74,75.1,8,93,4,3,3.9,5,13,10,0,59.2,27.2,Low
834,14,Male,177.9,65.9,6,9.21,2,40.9,4.48,92.1,10.06,79.4,6,97,9,1,2.98,1,8,2,0,69.1,25.4,Low
835,18,Male,168.9,66.3,5,14.78,1,64,4.69,75.7,8.36,67.2,10,90,1,2,2.73,5,15,3,1,28.5,23,Moderate
836,17,Male,178.6,65.5,1,14.57,10,67.8,3.86,57,12.26,83.4,1,80,6,10,2.61,5,13,8,0,38.7,22,Low
837,15,Male,163.6,98.6,9,13.1,2,73,4.55,61.8,10.1,61.4,7,52,2,5,3.61,5,8,1,0,46.2,18.2,Low
838,15,Male,176.1,94.4,2,7.8,7,42.2,3.58,72.4,6.3,65.9,1,52,8,3,3.69,2,7,7,0,47.9,17,Low
839,16,Female,174.7,103.3,9,6.15,8,59.2,4.5,59.4,12.5,98.1,7,75,5,6,3.11,6,19,6,0,50,24.1,Low
840,16,Female,172.9,67.6,10,8.51,5,61.4,2.62,63.4,5.99,67.4,2,99,3,9,3.09,5,15,2,1,38.4,28.4,Low
841,18,Female,173.7,74.4,2,8.03,6,46.8,3.67,76.7,13.39,67.3,8,66,2,6,3.93,2,7,9,0,56,19.7,Low
842,18,Male,156.2,47.3,9,10.31,1,52.9,4.87,91.6,14.31,79.8,2,59,8,2,3.88,10,14,5,0,55,19.6,Low
843,14,Female,169.5,92.2,6,12.89,6,57.6,4.91,70.1,8.22,98.5,3,51,7,2,2.85,8,6,2,1,51.7,17.3,Low
844,14,Female,175.9,52.5,9,13.65,8,73.3,4.65,85.8,14.26,99.2,3,73,9,8,3.67,6,14,3,0,29.5,24.3,Low
845,18,Female,176.6,73.3,6,13.53,3,77.2,3.11,93.8,12.93,79,1,60,8,8,3.43,10,7,7,0,46.9,18.7,Low
846,18,Male,164.7,53.5,6,8.92,1,65.1,3.24,60.8,14.22,50.1,5,73,4,6,2.73,3,18,7,0,41.1,20,Low
847,17,Male,187.7,61.2,2,12.03,4,55.8,5.49,90.4,11.66,95,5,84,2,10,3.04,9,12,10,0,47.6,21.8,Moderate
848,16,Male,166.3,57.4,8,8.47,1,50.2,2.81,87.9,7.36,78.5,10,72,2,7,2.77,4,15,1,1,68.2,20.7,Low
849,14,Male,184.7,60.9,3,6.08,8,79.3,3.04,67.8,13.95,68.3,5,81,2,1,2.94,3,12,10,1,47.1,22.7,Low
850,16,Female,179.3,61.9,7,12.16,5,79.3,2.89,99.5,6.84,91.5,9,72,6,9,3.42,7,6,4,1,24.7,22.1,Low
851,16,Female,168.5,61.8,5,5.59,1,77,3.48,63.1,7.13,70,6,83,7,5,3.06,8,15,6,1,45.1,22,Moderate
852,18,Female,192.8,82.5,3,9.39,8,71.4,3.13,62.7,7.71,51.7,6,90,6,9,3.09,7,6,8,1,63.4,24.7,Low
853,17,Female,163.1,53.4,1,8.63,9,53,3.99,88.6,8.04,91.1,3,68,2,2,3.31,1,6,3,1,61.4,20,Low
854,15,Male,184.2,73.3,8,12.09,10,72.7,3.93,71.7,10.14,77.3,5,51,4,8,2.63,1,14,3,0,48.6,19,Low
855,17,Male,185,88.3,3,12.78,2,56.4,5.2,66.5,12.13,66.9,10,100,3,7,3.61,5,11,8,0,36,25.4,High
856,17,Male,168.3,62.3,2,8.39,9,53.1,2.6,58.9,14.26,62.5,7,51,4,4,3.1,8,19,8,0,46.3,16.8,Low
857,16,Female,188.9,59.2,1,13.21,8,69.8,3.46,88.3,5.88,79.7,3,64,5,3,3.22,10,10,8,0,51.1,18.8,Low
858,17,Male,172.5,66.5,4,8.29,7,43.2,4.29,89.3,14.54,60.4,2,70,7,4,3.96,3,16,1,1,72,21.7,Low
859,14,Male,177.9,87.7,8,9.74,3,41.9,4.31,78.3,14.21,66.2,5,84,9,4,3.02,8,15,8,0,54.9,23.9,Low
860,16,Female,177.6,72.9,3,12.41,2,57.9,3.94,97.9,5.54,81.8,3,54,2,10,3.47,3,5,8,0,57.3,16.1,High
861,14,Female,173.7,62,1,12.08,7,57.8,4.95,65.9,8.6,94.1,5,92,8,10,3.09,4,6,2,1,47.6,24,Low
862,15,Male,183.1,77.3,4,14.88,5,75.8,2.69,61,13.13,76.6,9,76,3,8,3.84,10,18,9,0,41,22.1,Moderate
863,16,Male,182.9,53.5,9,7.64,6,45,4.95,83.9,11.12,88,10,73,9,4,3.77,7,5,7,0,63,23.8,Low
864,15,Male,157.5,80.2,1,11.79,4,44.9,3.98,87.9,12.79,88.2,1,56,10,5,2.86,3,19,8,1,47.8,15.7,Moderate
865,16,Male,188,76.1,2,11.29,2,45.9,2.9,61.2,12.19,83.2,4,55,4,2,3.54,4,16,2,0,71.7,15.9,High
866,18,Male,158.4,65.4,9,14.19,9,41.2,5.16,53.8,9.97,62.3,10,95,3,4,2.6,8,15,4,0,45.9,27.9,Low
867,17,Male,185.3,57.4,2,6.99,3,42.9,4.45,90.5,5.41,93.3,5,82,10,7,3.94,4,11,7,1,27.3,22,High
868,18,Female,186.3,56.7,3,12.64,7,66.4,2.99,98.8,10.84,71.8,2,98,6,3,3.02,9,10,6,0,56.8,25.9,Low
869,15,Female,164.1,78,7,10.9,8,57.3,2.6,82.2,5.49,52.2,2,66,10,1,3.75,4,6,7,0,26.2,22.2,Low
870,17,Female,170.9,88.4,3,8.11,2,70.5,2.92,63.9,11.04,62.2,1,95,9,8,2.98,4,6,1,0,36,23.8,High
871,16,Male,163.9,60.4,9,10.01,6,79.7,4.33,99.8,13,88.3,8,91,7,8,3.45,5,6,8,0,41,27,Low
872,17,Female,172.9,76.9,6,8.67,8,66.4,3.04,94.7,10.85,53.5,2,79,4,6,3.98,1,12,7,0,59.5,24.6,Low
873,14,Male,171.9,38.7,3,11,7,42,3.18,75.7,14.97,57.4,3,57,3,7,3.82,7,18,4,1,47.7,18.5,Low
874,17,Male,182.8,61.2,9,13.95,3,44.2,2.58,91.3,9.56,84.7,2,89,10,10,2.74,9,11,1,0,25.4,25,Low
875,14,Female,188.1,69.5,1,10.91,1,75.2,4.67,90.8,12.49,94.6,4,95,4,2,3.32,9,5,8,0,53.6,23,High
876,17,Male,189,56.4,10,11.5,6,61.1,4.93,96.7,11.67,81.7,1,56,3,5,3.02,1,8,10,0,43.7,20,Low
877,14,Male,169.4,56,3,10.43,8,73,4.89,92,14.91,61.1,3,55,3,7,3.15,6,15,7,1,68.2,17.8,Low
878,15,Female,172.9,60,1,5.99,6,74.3,2.88,82.2,12.13,52.7,5,53,9,9,3,3,8,8,1,48,15.8,Low
879,18,Female,158.2,74.4,2,7.71,5,77.1,5.21,80.5,6.64,80.8,10,50,4,1,3,4,11,10,1,58,15.3,Moderate
880,16,Female,166.9,67.2,8,10.17,8,78,4.52,73.4,14.56,52.4,1,64,9,3,3.31,8,6,1,0,34.5,21.7,Low
881,17,Male,184.6,36.4,7,8.45,2,62.2,5.19,81.3,11.68,80.6,4,80,10,6,2.79,4,8,5,0,60.5,22.2,Low
882,18,Female,191.2,38.2,2,7.23,1,53.6,3.84,89.8,5.59,61.3,6,74,5,7,3.31,8,5,9,0,58.6,19.2,High
883,16,Female,162.7,60.9,2,10.29,1,78.5,3.81,98.5,11.58,95.2,4,96,7,6,2.92,4,17,5,0,67.4,23.2,High
884,16,Male,169.1,76.9,9,8.57,4,61.9,4.85,73.4,13.83,73.8,7,82,5,1,2.93,9,19,10,0,25.6,24.1,Low
885,14,Female,174.7,28.8,6,7.95,6,42.6,2.78,78.7,10.77,61.2,7,84,1,4,3.61,6,17,3,1,45.5,24.6,Low
886,15,Female,177.8,62.5,5,9.91,9,65.7,4.06,72.2,8.54,92.7,6,54,2,6,2.54,1,15,9,0,56.6,18,Low
887,15,Female,166.9,62.1,10,6.77,1,63.5,5.01,83.4,13.21,62.7,9,54,5,8,3.07,10,15,9,0,28.6,18.2,Low
888,18,Male,179.2,90.8,6,14.31,1,75.8,4.99,81.5,12.83,65.3,2,85,6,10,3.11,2,8,4,1,43.7,22.8,Low
889,15,Male,170.3,64.2,9,13.74,5,66.1,5.37,50.9,10.44,91.7,10,66,7,4,3.23,7,15,4,1,69.2,21.5,Low
890,17,Male,174.9,75.7,7,12.22,10,54,4.59,77.1,6.54,65.4,8,63,2,7,3.5,10,19,8,1,44.9,21.9,Low
891,15,Male,180.5,72.1,10,6.51,5,78.6,3.12,54.4,7.51,70.5,8,78,10,3,3.05,7,18,7,1,71.3,24.2,Low
892,18,Female,175.1,38,10,12.87,5,72.1,2.56,51.3,12.38,67.4,10,57,9,8,2.82,3,5,5,1,26.7,19.7,Low
893,15,Male,170.6,81.5,9,13.18,10,65.2,3.94,89.6,13.06,55.8,4,83,6,1,3.83,1,6,6,0,58.5,27,Low
894,17,Male,173.9,73.2,4,12.79,6,51.7,4.04,62.9,7.79,51.9,6,89,2,4,3.97,8,6,3,0,51.9,25.2,Low
895,14,Female,174.1,77.6,2,6.58,8,54.9,3.22,67,8.68,86.2,6,50,2,8,2.53,10,16,6,0,48,15.7,Low
896,18,Female,171.3,128.9,8,11.62,3,66.8,2.87,53.2,5.78,82.3,5,78,3,10,3.32,10,14,8,0,70.6,23,Low
897,14,Female,172.4,38.7,4,13.43,9,42.9,4.26,59,12.13,64.1,1,85,1,4,3.01,7,16,10,0,30.2,24.3,Low
898,14,Male,191,95.9,9,10.98,1,50.3,4.79,88.3,5.04,64.8,3,100,9,2,2.92,10,7,9,1,67,26.8,Low
899,14,Male,180.6,65.7,4,11.64,4,68.6,5.48,74.7,5.47,97.3,7,86,10,2,3,8,12,3,0,57.2,23,Moderate
900,16,Male,172,74.3,8,9.85,9,59.2,4.77,94,5.04,99.4,8,78,4,4,3.46,1,15,8,0,36.4,25,Low
901,16,Female,182,69.3,9,10.52,8,56.1,4.88,69.9,11.45,73.7,2,54,5,4,2.79,3,10,3,1,67.3,19.6,Low
902,14,Female,171.7,63.6,9,5.83,10,46.1,4.35,63.4,9.17,90.1,3,81,7,2,3.87,2,10,2,1,44.6,26.7,Low
903,18,Male,186.7,61.5,10,11.57,9,57.7,5.46,67.4,7.98,86.8,4,73,1,7,3.2,1,13,5,0,63.1,24.5,Low
904,17,Female,178.7,74.9,4,6.27,1,70.8,4.42,85.6,14.13,64.9,5,68,3,6,2.99,5,12,4,0,42.7,18.5,Moderate
905,17,Female,173.9,47.2,1,9.63,9,50.6,5.08,77.8,6.93,52.9,3,61,3,3,3.65,3,6,5,1,64.8,19,Low
906,15,Female,179.5,81.3,3,8.28,3,40.2,5.34,95.2,8.89,57.1,5,50,2,8,2.52,10,19,6,0,54.6,14.6,High
907,18,Male,159.3,63.8,9,10.68,10,66.7,5.29,80.1,14.4,91.9,8,56,8,8,3.15,8,10,3,1,30.8,21,Low
908,16,Female,163.7,53,4,6.77,9,78.9,3.64,74.7,9.27,86.6,8,66,5,1,3.03,6,5,1,0,55.2,20.5,Low
909,14,Female,163.1,63.2,5,12.07,1,64.3,2.74,89.3,10.55,83.2,2,83,1,3,3.01,10,17,4,1,33.2,21.9,Moderate
910,15,Male,176.4,88.9,7,13.05,1,44.8,3.02,97.4,5.8,56.5,6,92,2,5,3.01,9,18,6,1,43.8,24.5,Low
911,17,Male,192.3,62,5,7.05,9,52.8,2.68,67.8,12.9,82,4,56,1,2,2.55,9,13,2,1,32.2,18.4,Low
912,16,Female,197.3,75.4,4,6.49,6,74.7,2.82,62.5,9.23,88.6,9,66,6,5,2.73,6,8,2,0,25.1,19.3,Low
913,16,Female,181.4,59,2,6.88,4,49.3,3.05,80.8,13.01,93,10,52,9,10,2.71,2,8,1,1,34.2,15.1,Moderate
914,14,Male,180,81.4,2,13.83,7,64.3,3.52,74.9,7.54,50.7,2,78,7,3,3.98,9,13,9,1,49.7,22.5,Low
915,17,Male,157,80.3,4,10.52,5,56.1,4.13,99.5,9.22,84.2,8,71,5,9,2.53,2,7,3,0,47.1,19.8,Moderate
916,18,Female,169.6,97.7,10,9.94,10,48.3,4.64,73.1,12.87,51,1,87,3,1,2.75,3,9,2,0,48.1,27.2,Low
917,16,Female,167.1,67.4,10,6.51,7,72.5,3.13,53.7,14.74,85.3,6,92,8,4,3.96,6,5,4,0,35.9,28.5,Low
918,14,Female,168.8,80,9,11.67,8,69.7,4.52,98.9,5.6,81.8,10,78,10,10,3.44,2,10,6,1,56.9,25,Low
919,18,Female,173.3,71.5,8,13.75,8,66.5,4.61,92.2,13.12,57.4,1,99,4,6,3.18,5,7,1,1,57.8,28.6,Low
920,17,Male,170.3,89.4,3,13.37,1,49.5,4.18,58.9,8.01,88.3,2,99,9,9,2.62,2,5,9,1,41.2,23.9,High
921,16,Female,155.2,59.2,9,11.45,8,43.9,5.21,95.2,10.51,53.4,3,91,5,3,3.5,4,14,9,0,66.3,27.7,Low
922,18,Female,182.5,81.2,5,6.22,6,63,2.83,67,7.9,91.3,9,54,6,3,2.71,3,10,8,0,54.9,17.3,Low
923,18,Male,164.3,67.1,3,6.57,4,62.1,3.03,68.9,11.13,63.1,5,79,5,5,3.51,5,18,6,1,58.2,21.7,Moderate
924,18,Female,177.4,69,5,5.97,8,47.5,3.79,95.3,8.54,84.4,10,72,10,7,3.97,6,16,4,0,37.3,22.8,Low
925,16,Male,195.7,71.4,10,7.95,3,42.2,2.88,76.5,8.34,96.2,10,70,7,5,3.3,7,14,2,0,24,22.2,Low
926,16,Female,165.8,73.8,4,6.79,4,43.2,4.2,56.9,5.38,67,2,75,7,8,2.82,10,6,8,1,65.5,20.6,Moderate
927,15,Female,149.7,68.3,8,7.97,6,79.7,3.7,68.5,6.47,75.1,10,96,1,5,3.44,8,12,7,1,63.5,27.6,Low
928,17,Male,172.1,73.2,5,9.16,7,71.3,3.35,86.1,14.17,73.2,5,70,2,7,3.27,9,18,4,0,29.9,21.4,Low
929,14,Male,186,93.7,10,14.46,4,76.9,3.01,58.7,14.98,57.9,5,69,7,6,3.3,4,17,3,1,42,22.3,Low
930,18,Female,194.6,84.8,8,11.3,4,47.8,3.51,79.5,12.81,79.5,1,72,8,10,3.22,4,19,6,0,55.7,22,Low
931,15,Female,162.7,83,9,13.43,7,78.4,4.32,84.8,7.87,87.2,3,53,4,2,3.51,7,15,1,0,55.3,19.8,Low
932,14,Female,180,63.2,4,12.25,6,45.7,4.23,67.2,9.02,95.8,5,70,6,3,3.36,10,16,2,1,65.3,20.8,Low
933,15,Male,170.3,56.7,7,6.57,8,60.4,2.99,84.7,12.4,92.5,9,70,10,4,3.98,10,6,7,1,30.7,23.2,Low
934,16,Female,173.9,84.3,2,12.49,1,73.2,2.87,94.2,14.69,75.5,10,50,3,5,3.74,9,8,3,0,44.6,14.8,High
935,18,Male,201.4,83.1,6,8.11,10,54,2.58,73.6,9.55,86,1,64,7,9,2.9,2,18,1,0,28.7,21.1,Low
936,14,Male,160,92.1,8,11.57,7,57,2.54,69.1,13.3,90,8,66,3,6,3.59,6,7,2,1,42.7,22.1,Low
937,14,Female,177.5,60.9,7,8.74,7,45.1,5.14,62.6,14.75,74.7,1,100,7,1,2.82,10,13,10,0,24.7,27.7,Low
938,14,Male,179.7,66.6,7,14.98,7,44.9,2.64,80.2,13.73,55.8,9,63,8,3,3.67,10,6,10,0,67.1,21.2,Low
939,14,Female,185.9,45.4,8,8,7,64.8,4.69,94,7.27,71.9,6,68,3,7,2.72,8,7,9,0,49.3,21.6,Low
940,14,Female,176,64.1,7,8.15,10,67,5.12,66.2,5.08,92.1,1,99,2,8,3.21,5,11,7,0,64.8,28.8,Low
941,15,Female,178.1,84.9,5,14.34,10,71.1,2.79,69.8,9.92,79.8,8,83,6,7,3.69,5,8,7,0,26.9,25.3,Low
942,18,Female,171.1,63,7,5.73,8,62.3,3.81,70.3,10.31,86.2,5,55,4,5,2.92,8,10,10,1,34.9,19.1,Low
943,16,Female,177.7,79.6,10,12.12,9,65.8,5.39,78,7.01,59.3,7,94,8,10,3.76,1,7,8,0,36.5,29.3,Low
944,16,Male,171.6,67.1,3,12.39,9,40.5,5,61.4,7.85,98.2,7,98,2,8,3.47,6,5,8,0,42.6,27,Low
945,16,Male,181.2,74.9,5,13.45,2,46.5,3.97,91.1,12.65,70.2,7,55,4,9,3.1,10,15,9,1,62.5,16.7,Moderate
946,16,Female,171.3,52.8,7,14.76,7,79.4,4.79,64.8,9.7,82.7,6,54,2,7,3.14,9,10,2,1,42.6,18.8,Low
947,15,Female,178.8,71.3,9,14.77,7,43,5,85.3,8.17,50.9,8,56,2,9,3.89,6,8,8,1,33.8,20.8,Low
948,17,Male,174.7,25.1,2,6.12,4,67.2,3.54,75.7,11.23,56.4,9,82,2,1,2.83,7,6,8,0,27.1,21.2,Moderate
949,18,Male,186.3,67.2,4,13.31,9,47,5.18,79.3,11.53,89.1,2,62,1,9,3.54,4,11,5,0,27.8,20.2,Low
950,14,Male,174.5,45.5,7,11.64,8,68.7,3.91,59,12.69,98.4,7,100,4,3,3.56,10,19,5,1,60.5,28.8,Low
951,17,Male,157.3,88.1,1,11.65,1,68.2,4.08,86.8,6.57,66,2,50,2,6,3.88,1,14,4,1,45.4,14.6,High
952,16,Female,187.6,81.7,2,6.72,2,49.4,5.5,59.4,12.42,51.9,6,62,9,8,3.57,9,17,5,1,58.9,17.4,High
953,17,Female,165.9,77,9,11.68,2,50.8,5.03,55.7,10.99,68,2,92,9,3,3.38,6,16,2,1,56.7,26,Low
954,18,Male,168.5,92.8,10,14.83,8,66.2,3.59,77.3,5.58,50.9,10,76,7,4,3.85,3,19,2,1,30.5,25.5,Low
955,14,Female,169,55.8,7,14.16,1,55.6,2.53,85.5,12.77,59.6,6,56,6,7,3.74,4,17,5,0,30.9,18,Low
956,14,Male,188.7,96.2,10,9.67,4,47.8,4.38,52.5,8.83,87.6,2,52,3,7,3.58,10,9,3,1,60.3,19.2,Low
957,18,Female,153.6,84,7,5.88,10,69.3,4.61,53.5,8.3,96.9,1,74,7,4,2.55,6,10,1,0,58.6,23.2,Low
958,18,Male,206.4,66.5,6,8.94,5,46.2,4.45,90.1,9.48,54.4,7,82,1,9,3.06,6,10,9,0,42.1,23.4,Low
959,16,Female,185.6,87,3,13.35,9,74.2,5.4,90.5,8.46,77.9,3,89,9,3,3.45,9,18,2,1,27.7,25.2,Low
960,14,Male,177.2,53.4,10,12.16,7,60.6,5.09,62.3,8.38,62.7,4,66,4,8,3.28,4,13,10,1,24.6,22.6,Low
961,17,Male,174.5,57.6,3,9.86,8,44.2,3.85,80.8,13.08,57,6,94,6,8,2.98,5,16,2,1,37.8,25.4,Low
962,15,Female,177.9,60.9,2,6.02,9,67.8,2.69,72.2,6.25,60.9,5,63,6,4,2.72,5,6,4,1,24.4,18.8,Low
963,15,Male,180.2,62.1,6,9.56,7,60.8,3.93,81.6,14.71,78.9,4,86,3,7,3.33,3,16,2,1,35,25,Low
964,18,Female,181.5,54.2,4,9.96,5,51.9,4.57,93.1,10.55,53.3,9,72,4,4,2.93,2,10,7,0,44.1,20.4,Moderate
965,16,Female,180.6,88.3,5,14.32,5,56.9,4.32,54,6.83,71.7,6,73,10,1,2.85,8,13,10,1,29.8,21,Moderate
966,15,Male,175.9,66.1,3,11.59,10,51.9,4.11,88.9,6.31,56.8,6,78,3,1,3.1,10,16,1,1,29,22.9,Low
967,14,Female,173,75.3,6,8.46,6,50.5,3.91,74.7,10.92,63.6,2,87,6,1,3.68,9,8,2,0,67,25.3,Low
968,18,Female,173.5,61.4,3,10.49,5,46.5,3.38,78.2,11.33,59.5,6,76,1,2,3.23,10,17,5,1,52.1,21.1,Moderate
969,17,Female,173.1,42.7,8,6.13,9,54.5,3.33,82.7,5.53,94.1,7,87,8,6,2.82,9,16,2,1,68.9,26.1,Low
970,18,Female,186.3,74.1,9,14.74,3,50,4,96.1,7.43,85.4,8,89,8,10,2.68,5,17,9,1,40.6,25,Low
971,17,Female,180.9,41.3,4,8.92,3,67.3,2.98,52.8,12.95,93.4,8,94,9,5,3.25,9,17,4,0,56.5,24.6,Moderate
972,18,Male,145.6,69,9,10.04,7,67.4,3.52,51.5,5.5,69.2,9,99,6,2,3.69,4,15,9,1,33.8,29.2,Low
973,18,Female,181.6,49.5,7,8.88,7,60.1,3.47,58.9,13.55,65.7,10,72,1,8,3.48,2,10,1,1,53.7,22.8,Low
974,18,Female,176.9,99.8,3,11.98,6,71.1,4.26,99.3,11.58,69,3,80,3,9,2.85,3,11,1,1,30.2,21.8,Low
975,17,Female,174.8,83.7,7,11.79,3,73.7,2.7,85.8,9.34,50.9,10,85,1,7,3.16,1,5,1,1,24.1,23.9,Low
976,17,Female,171.1,71.6,1,12.3,7,63.2,4.99,80.7,8.46,86.2,7,66,5,9,3.78,5,9,4,0,68.7,19.5,Low
977,18,Female,186.2,89,3,8.05,5,64.8,4.19,52.4,5.19,67.5,7,86,3,4,2.77,1,8,9,1,50.6,22.7,Moderate
978,15,Male,184.5,57.3,6,8.5,7,51.3,4.51,94,13.25,65.7,1,52,2,7,3.3,1,17,8,0,68.5,18.2,Low
979,16,Female,167.3,78.2,4,6.69,2,75.8,4.61,90.6,6.43,79.9,8,85,3,5,3.03,7,17,7,1,40,22.2,Moderate
980,16,Male,179.1,73,7,11.73,6,41,3.37,83.2,8.1,71.8,4,54,9,5,2.69,2,17,1,1,39.7,18.1,Low
981,16,Male,165.3,74,3,5.88,8,53.9,3.91,67,10.69,99,5,95,8,3,2.57,8,14,3,1,43.2,25.2,Low
982,17,Male,161.2,89.1,1,11.18,1,68.9,5.37,53.5,7.46,67.8,6,64,3,9,3.33,6,19,9,0,57.9,16.8,High
983,17,Male,168.7,81,9,13.76,4,43.2,4.8,79,9.97,80.7,3,98,2,10,2.53,4,19,9,1,51.2,26.9,Low
984,15,Female,183.6,74.3,6,13.96,1,47.3,5.41,86,13.09,65.6,5,55,5,5,2.66,9,6,5,1,68.4,16.4,Low
985,16,Male,184.5,45.2,8,9.77,1,63.6,4.74,54.7,9.71,99.5,10,59,1,6,3.02,10,6,6,0,25.2,18.3,Low
986,16,Male,180.1,55.6,3,9.86,10,62.4,3.03,81.7,14.49,72.3,5,81,4,3,2.57,8,6,6,1,58,23,Low
987,18,Female,182.3,68.2,8,6.23,8,69.6,2.69,64.3,13.48,81.7,1,72,8,10,3.1,10,11,10,1,39.9,23.1,Low
988,17,Female,180.2,71.4,2,11.87,7,72.5,4.23,88.2,8.33,56.3,3,97,1,7,2.7,3,15,4,1,32.7,25,Low
989,16,Female,168.6,53,4,13.3,10,45.1,3.57,77,9,86.7,3,66,5,9,3.02,3,17,1,1,48.5,20.8,Low
990,15,Male,179.3,106.2,3,7.82,1,40.7,3.33,56.5,9.23,63.5,1,95,4,9,3.69,4,15,5,0,48.2,24.2,High
991,15,Female,183,92.7,10,9.5,2,67.6,4.92,76.3,11.26,72.4,7,69,6,10,3.44,9,8,1,0,30.6,21.8,Low
992,16,Female,182.5,79,1,13.47,4,52.1,3.6,69.8,7.87,94.2,1,93,7,10,3.17,9,19,1,0,33.7,23.4,Moderate
993,17,Male,186.9,71.1,7,13.83,1,65,3.45,59,14.69,98.5,7,90,9,5,2.64,5,10,5,1,43.6,23.7,Low
994,15,Female,182.1,66.8,10,7.81,3,46,5.05,92.1,11.09,71.2,4,64,1,7,3.43,9,11,5,1,43.6,21.1,Low
995,18,Female,178.5,55.7,2,10.73,8,58.8,5.04,50.6,8.99,91.7,9,93,10,3,2.75,6,13,7,1,39.2,24.6,Low
996,15,Female,185.7,71.2,4,7.33,8,60.2,3.57,65.6,11.45,52.7,7,95,4,6,2.61,8,15,2,1,31.1,25.6,Low
997,14,Female,174.7,73.9,9,6.47,8,63.4,5,50.6,8.95,92.4,5,71,6,8,3.5,8,6,6,0,24.2,23.7,Low
998,14,Male,166.2,51.4,6,14.16,6,60.5,5.05,54.8,13.18,81.5,7,99,10,8,3.87,10,14,2,1,70.6,27.9,Low
999,17,Female,173.4,75,8,13.29,6,59.8,3.77,64.9,10.68,74.4,9,55,7,2,3.19,7,16,10,0,69.3,19.2,Low
1000,16,Female,167.6,67.7,2,12.72,5,53.3,2.7,52.7,5.42,94.5,10,53,7,6,2.56,4,17,5,1,47.2,15.5,Moderate
